PassengerId,Survived,SibSp,Parch,Sex_female,Sex_male,Cabin_No,Cabin_Yes,Embarked_C,Embarked_Q,Embarked_S,Pclass_1,Pclass_2,Pclass_3,Age_scaled,Fare_scaled
1,0,1,0,0.0,1.0,1.0,0.0,0.0,0.0,1.0,0.0,0.0,1.0,-0.5613569743274948,-0.5024451714361923
2,1,1,0,1.0,0.0,0.0,1.0,1.0,0.0,0.0,1.0,0.0,0.0,0.6132017211855934,0.7868452935884461
3,1,0,0,1.0,0.0,1.0,0.0,0.0,0.0,1.0,0.0,0.0,1.0,-0.2677173004492227,-0.4888542575852486
4,1,1,0,1.0,0.0,0.0,1.0,0.0,0.0,1.0,1.0,0.0,0.0,0.39297196577688936,0.4207302360686478
5,0,0,0,0.0,1.0,1.0,0.0,0.0,0.0,1.0,0.0,0.0,1.0,0.39297196577688936,-0.4863374216869257
6,0,0,0,0.0,1.0,1.0,0.0,0.0,1.0,0.0,0.0,0.0,1.0,-0.42709371409839897,-0.47811642890864375
7,0,0,0,0.0,1.0,0.0,1.0,0.0,0.0,1.0,1.0,0.0,0.0,1.7877604166986816,0.395813560675251
8,0,3,1,0.0,1.0,1.0,0.0,0.0,0.0,1.0,0.0,0.0,1.0,-2.029555343718855,-0.22408312108167944
9,1,0,2,1.0,0.0,1.0,0.0,0.0,0.0,1.0,0.0,0.0,1.0,-0.1943073819796547,-0.4242561406845337
10,1,1,0,1.0,0.0,1.0,0.0,1.0,0.0,0.0,0.0,1.0,0.0,-1.1486363220840388,-0.04295550208861426
11,1,1,1,1.0,0.0,0.0,1.0,0.0,0.0,1.0,0.0,0.0,1.0,-1.882735506779719,-0.312172377522981
12,1,0,0,1.0,0.0,0.0,1.0,0.0,0.0,1.0,1.0,0.0,0.0,2.0814000905769534,-0.11384570873513637
13,0,0,0,0.0,1.0,1.0,0.0,0.0,0.0,1.0,0.0,0.0,1.0,-0.7081768112666308,-0.4863374216869257
14,0,1,5,0.0,1.0,1.0,0.0,0.0,0.0,1.0,0.0,0.0,1.0,0.6866116396551614,-0.01870931177853076
15,0,0,0,1.0,0.0,1.0,0.0,0.0,0.0,1.0,0.0,0.0,1.0,-1.1486363220840388,-0.4902797934380587
16,1,0,0,1.0,0.0,1.0,0.0,0.0,0.0,1.0,0.0,1.0,0.0,1.8611703351682496,-0.3262666585535892
17,0,4,1,0.0,1.0,1.0,0.0,0.0,1.0,0.0,0.0,0.0,1.0,-2.029555343718855,-0.06199888922968463
18,1,0,0,0.0,1.0,1.0,0.0,0.0,0.0,1.0,0.0,1.0,0.0,0.17762345975199892,-0.3866707201133388
19,0,1,0,1.0,0.0,1.0,0.0,0.0,0.0,1.0,0.0,0.0,1.0,0.09933229189861734,-0.2859972841804228
20,1,0,0,1.0,0.0,1.0,0.0,1.0,0.0,0.0,0.0,0.0,1.0,-0.009446147809904328,-0.5029485386158568
21,0,0,0,0.0,1.0,1.0,0.0,0.0,0.0,1.0,0.0,1.0,0.0,0.39297196577688936,-0.12491978668775715
22,1,0,0,0.0,1.0,0.0,1.0,0.0,0.0,1.0,0.0,1.0,0.0,0.31956204730732135,-0.3866707201133388
23,1,0,0,1.0,0.0,1.0,0.0,0.0,1.0,0.0,0.0,0.0,1.0,-1.0752264036144707,-0.4867562231804066
24,1,0,0,0.0,1.0,0.0,1.0,0.0,0.0,1.0,1.0,0.0,0.0,-0.12089746351008669,0.06635974158478332
25,0,3,1,1.0,0.0,1.0,0.0,0.0,0.0,1.0,0.0,0.0,1.0,-1.5890958329014468,-0.22408312108167944
26,1,1,5,1.0,0.0,1.0,0.0,0.0,0.0,1.0,0.0,0.0,1.0,0.6132017211855934,-0.016444159470040135
27,0,0,0,0.0,1.0,1.0,0.0,1.0,0.0,0.0,0.0,0.0,1.0,-0.009446147809904328,-0.5029485386158568
28,0,3,2,0.0,1.0,0.0,1.0,0.0,0.0,1.0,1.0,0.0,0.0,-0.7815867297361988,4.647001076532463
29,1,0,0,1.0,0.0,1.0,0.0,0.0,1.0,0.0,0.0,0.0,1.0,-0.5334528924560177,-0.48977642625839407
30,0,0,0,0.0,1.0,1.0,0.0,0.0,0.0,1.0,0.0,0.0,1.0,-0.12477305478502965,-0.4894421904510968
31,0,0,0,0.0,1.0,1.0,0.0,1.0,0.0,0.0,1.0,0.0,0.0,0.7600215581247294,-0.09027201697708476
32,1,1,0,1.0,0.0,0.0,1.0,1.0,0.0,0.0,1.0,0.0,0.0,0.4743748703626315,2.301728820789
33,1,0,0,1.0,0.0,1.0,0.0,0.0,1.0,0.0,0.0,0.0,1.0,0.41468840344952324,-0.49237782784290063
34,0,0,0,0.0,1.0,1.0,0.0,0.0,0.0,1.0,0.0,1.0,0.0,2.6686794383334975,-0.43700743807979686
35,0,1,0,0.0,1.0,1.0,0.0,1.0,0.0,0.0,1.0,0.0,0.0,-0.12089746351008669,1.0060617003323709
36,0,1,0,0.0,1.0,1.0,0.0,0.0,0.0,1.0,1.0,0.0,0.0,0.9068413950638654,0.39858208016340624
37,1,0,0,0.0,1.0,1.0,0.0,1.0,0.0,0.0,0.0,0.0,1.0,-0.4970273590419666,-0.5028639729296732
38,0,0,0,0.0,1.0,1.0,0.0,0.0,0.0,1.0,0.0,0.0,1.0,-0.6347668927970628,-0.4863374216869257
39,0,2,0,1.0,0.0,1.0,0.0,0.0,0.0,1.0,0.0,0.0,1.0,-0.8549966482057668,-0.2859972841804228
40,1,1,0,1.0,0.0,1.0,0.0,1.0,0.0,0.0,0.0,0.0,1.0,-1.1486363220840388,-0.42207354059350805
41,0,1,0,1.0,0.0,1.0,0.0,0.0,0.0,1.0,0.0,0.0,1.0,0.7600215581247294,-0.4576454924460446
42,0,1,0,1.0,0.0,1.0,0.0,0.0,0.0,1.0,0.0,1.0,0.0,-0.1943073819796547,-0.22559322262067316
43,0,0,0,0.0,1.0,1.0,0.0,1.0,0.0,0.0,0.0,0.0,1.0,-0.12477305478502965,-0.4894421904510968
44,1,1,2,1.0,0.0,1.0,0.0,1.0,0.0,0.0,0.0,1.0,0.0,-1.956145425249287,0.18876253192945994
45,1,0,0,1.0,0.0,1.0,0.0,0.0,1.0,0.0,0.0,0.0,1.0,-0.7815867297361988,-0.48977642625839407
46,0,0,0,0.0,1.0,1.0,0.0,0.0,0.0,1.0,0.0,0.0,1.0,0.07772971875708905,-0.4863374216869257
47,0,1,0,0.0,1.0,1.0,0.0,0.0,1.0,0.0,0.0,0.0,1.0,0.25557199317890683,-0.3363340021468808
48,1,0,0,1.0,0.0,1.0,0.0,0.0,1.0,0.0,0.0,0.0,1.0,0.41468840344952324,-0.49237782784290063
49,0,2,0,0.0,1.0,1.0,0.0,1.0,0.0,0.0,0.0,0.0,1.0,-0.4542797378744813,-0.21191774308354583
50,0,1,0,1.0,0.0,1.0,0.0,0.0,0.0,1.0,0.0,0.0,1.0,-0.8549966482057668,-0.29002422161773944
51,0,4,1,0.0,1.0,1.0,0.0,0.0,0.0,1.0,0.0,0.0,1.0,-1.6625057513710149,0.1506737441786005
52,0,0,0,0.0,1.0,1.0,0.0,0.0,0.0,1.0,0.0,0.0,1.0,-0.6347668927970628,-0.4913710934835715
53,1,1,0,1.0,0.0,0.0,1.0,1.0,0.0,0.0,1.0,0.0,0.0,1.4207108243508415,0.8964967865378598
54,1,1,0,1.0,0.0,1.0,0.0,0.0,0.0,1.0,0.0,1.0,0.0,-0.04748754504051868,-0.12491978668775715
55,0,0,1,0.0,1.0,0.0,1.0,1.0,0.0,0.0,1.0,0.0,0.0,2.5952695198639293,0.5995101505357573
56,1,0,0,0.0,1.0,0.0,1.0,0.0,0.0,1.0,1.0,0.0,0.0,1.0584204232352108,0.06635974158478332
57,1,0,0,1.0,0.0,1.0,0.0,0.0,0.0,1.0,0.0,1.0,0.0,-0.6347668927970628,-0.43700743807979686
58,0,0,0,0.0,1.0,1.0,0.0,1.0,0.0,0.0,0.0,0.0,1.0,-0.08419250427530268,-0.5028639729296732
59,1,1,2,1.0,0.0,1.0,0.0,0.0,0.0,1.0,0.0,1.0,0.0,-1.809325588310151,-0.08968408411123653
60,0,5,2,0.0,1.0,1.0,0.0,0.0,0.0,1.0,0.0,0.0,1.0,-1.3688660774927428,0.2958951755118318
61,0,0,0,0.0,1.0,1.0,0.0,1.0,0.0,0.0,0.0,0.0,1.0,-0.5613569743274948,-0.5028639729296732
62,1,0,0,1.0,0.0,0.0,1.0,0.0,0.0,0.0,1.0,0.0,0.0,0.6132017211855934,0.962353321387736
63,0,1,0,0.0,1.0,0.0,1.0,0.0,0.0,1.0,1.0,0.0,0.0,1.1270711504725694,1.0323213593611125
64,0,3,2,0.0,1.0,1.0,0.0,0.0,0.0,1.0,0.0,0.0,1.0,-1.882735506779719,-0.08666388103324908
65,0,0,0,0.0,1.0,1.0,0.0,1.0,0.0,0.0,1.0,0.0,0.0,0.8481199554244482,-0.09027201697708476
66,1,1,1,0.0,1.0,1.0,0.0,1.0,0.0,0.0,0.0,0.0,1.0,-0.9217813739691123,-0.3414522396297103
67,1,0,0,1.0,0.0,0.0,1.0,0.0,0.0,1.0,0.0,1.0,0.0,-0.04748754504051868,-0.43700743807979686
68,0,0,0,0.0,1.0,1.0,0.0,0.0,0.0,1.0,0.0,0.0,1.0,-0.7815867297361988,-0.4841568350646187
69,1,4,2,1.0,0.0,1.0,0.0,0.0,0.0,1.0,0.0,0.0,1.0,-0.9284065666753348,-0.4888542575852486
70,0,2,0,0.0,1.0,1.0,0.0,0.0,0.0,1.0,0.0,0.0,1.0,-0.2677173004492227,-0.47400492578514347
71,0,0,0,0.0,1.0,1.0,0.0,0.0,0.0,1.0,0.0,1.0,0.0,0.17274221036818535,-0.43700743807979686
72,0,5,2,1.0,0.0,1.0,0.0,0.0,0.0,1.0,0.0,0.0,1.0,-1.0018164851449027,0.2958951755118318
73,0,0,0,0.0,1.0,1.0,0.0,0.0,0.0,1.0,0.0,1.0,0.0,-0.6347668927970628,0.8314778546749452
74,0,1,0,0.0,1.0,1.0,0.0,1.0,0.0,0.0,0.0,0.0,1.0,-0.2677173004492227,-0.3573908580066095
75,1,0,0,0.0,1.0,1.0,0.0,0.0,0.0,1.0,0.0,0.0,1.0,0.17274221036818535,0.48910360681684706
76,0,0,0,0.0,1.0,0.0,1.0,0.0,0.0,1.0,0.0,0.0,1.0,-0.3411272189187907,-0.494391296561559
77,0,0,0,0.0,1.0,1.0,0.0,0.0,0.0,1.0,0.0,0.0,1.0,-0.12477305478502965,-0.4894421904510968
78,0,0,0,0.0,1.0,1.0,0.0,0.0,0.0,1.0,0.0,0.0,1.0,0.07772971875708905,-0.4863374216869257
79,1,0,2,0.0,1.0,1.0,0.0,0.0,0.0,1.0,0.0,1.0,0.0,-2.11544494832825,-0.06451572512800753
80,1,0,0,1.0,0.0,1.0,0.0,0.0,0.0,1.0,0.0,0.0,1.0,0.02592237342904933,-0.397241430886295
81,0,0,0,0.0,1.0,1.0,0.0,0.0,0.0,1.0,0.0,0.0,1.0,-0.5613569743274948,-0.46720946885967163
82,1,0,0,0.0,1.0,1.0,0.0,0.0,0.0,1.0,0.0,0.0,1.0,-0.04748754504051868,-0.45714212526638004
83,1,0,0,1.0,0.0,1.0,0.0,0.0,1.0,0.0,0.0,0.0,1.0,-0.4642630055659497,-0.49162277707340374
84,0,0,0,0.0,1.0,1.0,0.0,0.0,0.0,1.0,1.0,0.0,0.0,-0.12089746351008669,0.29992211294914856
85,1,0,0,1.0,0.0,1.0,0.0,0.0,0.0,1.0,0.0,1.0,0.0,-0.9284065666753348,-0.43700743807979686
86,1,3,0,1.0,0.0,1.0,0.0,0.0,0.0,1.0,0.0,0.0,1.0,0.24615212883775336,-0.32928686163157667
87,0,1,3,0.0,1.0,1.0,0.0,0.0,0.0,1.0,0.0,0.0,1.0,-1.0018164851449027,0.04370821849987721
88,0,0,0,0.0,1.0,1.0,0.0,0.0,0.0,1.0,0.0,0.0,1.0,0.07772971875708905,-0.4863374216869257
89,1,3,2,1.0,0.0,0.0,1.0,0.0,0.0,1.0,1.0,0.0,0.0,-0.48794705585792675,4.647001076532463
90,0,0,0,0.0,1.0,1.0,0.0,0.0,0.0,1.0,0.0,0.0,1.0,-0.41453713738835873,-0.4863374216869257
91,0,0,0,0.0,1.0,1.0,0.0,0.0,0.0,1.0,0.0,0.0,1.0,-0.04748754504051868,-0.4863374216869257
92,0,0,0,0.0,1.0,1.0,0.0,0.0,0.0,1.0,0.0,0.0,1.0,-0.7081768112666308,-0.4902797934380587
93,0,1,0,0.0,1.0,0.0,1.0,0.0,0.0,1.0,1.0,0.0,0.0,1.2004810689421375,0.5833178351003071
94,0,1,2,0.0,1.0,1.0,0.0,0.0,0.0,1.0,0.0,0.0,1.0,-0.2677173004492227,-0.23415046467497105
95,0,0,0,0.0,1.0,1.0,0.0,0.0,0.0,1.0,0.0,0.0,1.0,2.1548100090465216,-0.5024451714361923
96,0,0,0,0.0,1.0,1.0,0.0,0.0,0.0,1.0,0.0,0.0,1.0,0.07772971875708905,-0.4863374216869257
97,0,0,0,0.0,1.0,0.0,1.0,1.0,0.0,0.0,1.0,0.0,0.0,3.0357290306813374,0.0493298231623713
98,1,0,1,0.0,1.0,0.0,1.0,1.0,0.0,0.0,1.0,0.0,0.0,-0.48794705585792675,0.6272778976347743
99,1,0,1,1.0,0.0,1.0,0.0,0.0,0.0,1.0,0.0,1.0,0.0,0.31956204730732135,-0.18532384824750675
100,0,1,0,0.0,1.0,1.0,0.0,0.0,0.0,1.0,0.0,1.0,0.0,0.31956204730732135,-0.12491978668775715
101,0,0,0,1.0,0.0,1.0,0.0,0.0,0.0,1.0,0.0,0.0,1.0,-0.12089746351008669,-0.4894421904510968
102,0,0,0,0.0,1.0,1.0,0.0,0.0,0.0,1.0,0.0,0.0,1.0,-0.12477305478502965,-0.4894421904510968
103,0,0,1,0.0,1.0,0.0,1.0,0.0,0.0,1.0,1.0,0.0,0.0,-0.6347668927970628,0.907737982394129
104,0,0,0,0.0,1.0,1.0,0.0,0.0,0.0,1.0,0.0,0.0,1.0,0.24615212883775336,-0.4741720436887921
105,0,2,0,0.0,1.0,1.0,0.0,0.0,0.0,1.0,0.0,0.0,1.0,0.5397918027160253,-0.4888542575852486
106,0,0,0,0.0,1.0,1.0,0.0,0.0,0.0,1.0,0.0,0.0,1.0,-0.12089746351008669,-0.4894421904510968
107,1,0,0,1.0,0.0,1.0,0.0,0.0,0.0,1.0,0.0,0.0,1.0,-0.6347668927970628,-0.494391296561559
108,1,0,0,0.0,1.0,1.0,0.0,0.0,0.0,1.0,0.0,0.0,1.0,-0.15646792656895966,-0.4918744606632361
109,0,0,0,0.0,1.0,1.0,0.0,0.0,0.0,1.0,0.0,0.0,1.0,0.6132017211855934,-0.4894421904510968
110,1,1,0,1.0,0.0,1.0,0.0,0.0,1.0,0.0,0.0,0.0,1.0,0.286025098657061,-0.1621689579829361
111,0,0,0,0.0,1.0,0.0,1.0,0.0,0.0,1.0,1.0,0.0,0.0,1.2738909874117055,0.39858208016340624
112,0,1,0,1.0,0.0,1.0,0.0,1.0,0.0,0.0,0.0,0.0,1.0,-1.1119313628492549,-0.3573908580066095
113,0,0,0,0.0,1.0,1.0,0.0,0.0,0.0,1.0,0.0,0.0,1.0,-0.5613569743274948,-0.4863374216869257
114,0,1,0,1.0,0.0,1.0,0.0,0.0,0.0,1.0,0.0,0.0,1.0,-0.7081768112666308,-0.4505983519307405
115,0,0,0,1.0,0.0,1.0,0.0,1.0,0.0,0.0,0.0,0.0,1.0,-0.9284065666753348,-0.3573083057891445
116,0,0,0,0.0,1.0,1.0,0.0,0.0,0.0,1.0,0.0,0.0,1.0,-0.6347668927970628,-0.4888542575852486
117,0,0,0,0.0,1.0,1.0,0.0,0.0,1.0,0.0,0.0,0.0,1.0,2.9990240714465535,-0.49237782784290063
118,0,1,0,0.0,1.0,1.0,0.0,0.0,0.0,1.0,0.0,1.0,0.0,-0.04748754504051868,-0.22559322262067316
119,0,0,1,0.0,1.0,0.0,1.0,1.0,0.0,0.0,1.0,0.0,0.0,-0.41453713738835873,4.335332226633905
120,0,4,2,1.0,0.0,1.0,0.0,0.0,0.0,1.0,0.0,0.0,1.0,-2.029555343718855,-0.01870931177853076
121,0,2,0,0.0,1.0,1.0,0.0,0.0,0.0,1.0,0.0,1.0,0.0,-0.6347668927970628,0.8314778546749452
122,0,0,0,0.0,1.0,1.0,0.0,0.0,0.0,1.0,0.0,0.0,1.0,0.07772971875708905,-0.4863374216869257
123,0,1,0,0.0,1.0,1.0,0.0,1.0,0.0,0.0,0.0,1.0,0.0,0.20944716960296936,-0.04295550208861426
124,1,0,0,1.0,0.0,0.0,1.0,0.0,0.0,1.0,0.0,1.0,0.0,0.20944716960296936,-0.3866707201133388
125,0,0,1,0.0,1.0,0.0,1.0,0.0,0.0,1.0,1.0,0.0,0.0,1.7877604166986816,0.907737982394129
126,1,1,0,0.0,1.0,1.0,0.0,1.0,0.0,0.0,0.0,0.0,1.0,-1.2954561590231748,-0.42207354059350805
127,0,0,0,0.0,1.0,1.0,0.0,0.0,1.0,0.0,0.0,0.0,1.0,0.41468840344952324,-0.49237782784290063
128,1,0,0,0.0,1.0,1.0,0.0,0.0,0.0,1.0,0.0,0.0,1.0,-0.41453713738835873,-0.5046257580584992
129,1,1,1,1.0,0.0,0.0,1.0,1.0,0.0,0.0,0.0,0.0,1.0,-0.2828763029585876,-0.19824427701513722
130,0,0,0,0.0,1.0,1.0,0.0,0.0,0.0,1.0,0.0,0.0,1.0,1.1270711504725694,-0.5079822104125026
131,0,0,0,0.0,1.0,1.0,0.0,1.0,0.0,0.0,0.0,0.0,1.0,0.24615212883775336,-0.4894421904510968
132,0,0,0,0.0,1.0,1.0,0.0,0.0,0.0,1.0,0.0,0.0,1.0,-0.7081768112666308,-0.5064721088735089
133,0,1,0,1.0,0.0,1.0,0.0,0.0,0.0,1.0,0.0,0.0,1.0,1.2738909874117055,-0.35646868933346404
134,1,1,0,1.0,0.0,1.0,0.0,0.0,0.0,1.0,0.0,1.0,0.0,-0.04748754504051868,-0.12491978668775715
135,0,0,0,0.0,1.0,1.0,0.0,0.0,0.0,1.0,0.0,1.0,0.0,-0.3411272189187907,-0.3866707201133388
136,0,0,0,0.0,1.0,1.0,0.0,1.0,0.0,0.0,0.0,1.0,0.0,-0.48794705585792675,-0.3454791770670269
137,1,0,2,1.0,0.0,0.0,1.0,0.0,0.0,1.0,1.0,0.0,0.0,-0.7815867297361988,-0.11921562980779811
138,0,1,0,0.0,1.0,0.0,1.0,0.0,0.0,1.0,1.0,0.0,0.0,0.5397918027160253,0.4207302360686478
139,0,0,0,0.0,1.0,1.0,0.0,0.0,0.0,1.0,0.0,0.0,1.0,-1.0018164851449027,-0.4628462821463391
140,0,0,0,0.0,1.0,0.0,1.0,1.0,0.0,0.0,1.0,0.0,0.0,-0.41453713738835873,0.9462455716384695
141,0,0,2,1.0,0.0,1.0,0.0,1.0,0.0,0.0,0.0,0.0,1.0,-0.3158442312485509,-0.3414522396297103
142,1,0,0,1.0,0.0,1.0,0.0,0.0,0.0,1.0,0.0,0.0,1.0,-0.5613569743274948,-0.49237782784290063
143,1,1,0,1.0,0.0,1.0,0.0,0.0,0.0,1.0,0.0,0.0,1.0,-0.41453713738835873,-0.32928686163157667
144,0,0,0,0.0,1.0,1.0,0.0,0.0,1.0,0.0,0.0,0.0,1.0,-0.7815867297361988,-0.5125125150294839
145,0,0,0,0.0,1.0,1.0,0.0,0.0,0.0,1.0,0.0,1.0,0.0,-0.8549966482057668,-0.41687275089321363
146,0,1,1,0.0,1.0,1.0,0.0,0.0,0.0,1.0,0.0,1.0,0.0,-0.7815867297361988,0.09152810056801232
147,1,0,0,0.0,1.0,1.0,0.0,0.0,0.0,1.0,0.0,0.0,1.0,-0.1943073819796547,-0.49145565916975514
148,0,2,2,1.0,0.0,1.0,0.0,0.0,0.0,1.0,0.0,0.0,1.0,-1.5156859144318788,0.04370821849987721
149,0,0,2,0.0,1.0,0.0,1.0,0.0,0.0,1.0,0.0,1.0,0.0,0.5030868434812414,-0.12491978668775715
150,0,0,0,0.0,1.0,1.0,0.0,0.0,0.0,1.0,0.0,1.0,0.0,0.9068413950638654,-0.3866707201133388
151,0,0,0,0.0,1.0,1.0,0.0,0.0,0.0,1.0,0.0,1.0,0.0,1.5675306612899775,-0.39623469652696586
152,1,1,0,1.0,0.0,0.0,1.0,0.0,0.0,1.0,1.0,0.0,0.0,-0.5613569743274948,0.6925485130875209
153,0,0,0,0.0,1.0,1.0,0.0,0.0,0.0,1.0,0.0,0.0,1.0,1.8978752944030335,-0.4863374216869257
154,0,0,2,0.0,1.0,1.0,0.0,0.0,0.0,1.0,0.0,0.0,1.0,0.7967265173595134,-0.35646868933346404
155,0,0,0,0.0,1.0,1.0,0.0,0.0,0.0,1.0,0.0,0.0,1.0,0.009977455026395656,-0.5011867534870308
156,0,0,1,0.0,1.0,1.0,0.0,1.0,0.0,0.0,1.0,0.0,0.0,1.5675306612899775,0.5874293382238074
157,1,0,0,1.0,0.0,1.0,0.0,0.0,1.0,0.0,0.0,0.0,1.0,-1.0018164851449027,-0.49271407711891657
158,0,0,0,0.0,1.0,1.0,0.0,0.0,0.0,1.0,0.0,0.0,1.0,0.02592237342904933,-0.4863374216869257
159,0,0,0,0.0,1.0,1.0,0.0,0.0,0.0,1.0,0.0,0.0,1.0,-0.3027042221257068,-0.47400492578514347
160,0,8,2,0.0,1.0,1.0,0.0,0.0,0.0,1.0,0.0,0.0,1.0,-1.3784191335949352,0.7519458402879414
161,0,0,1,0.0,1.0,1.0,0.0,0.0,0.0,1.0,0.0,0.0,1.0,1.0536612320030014,-0.32425318983493084
162,1,0,0,1.0,0.0,1.0,0.0,0.0,0.0,1.0,0.0,1.0,0.0,0.7600215581247294,-0.331300330350235
163,0,0,0,0.0,1.0,1.0,0.0,0.0,0.0,1.0,0.0,0.0,1.0,-0.2677173004492227,-0.4918744606632361
164,0,0,0,0.0,1.0,1.0,0.0,0.0,0.0,1.0,0.0,0.0,1.0,-0.9284065666753348,-0.47400492578514347
165,0,4,1,0.0,1.0,1.0,0.0,0.0,0.0,1.0,0.0,0.0,1.0,-2.1029652621884227,0.1506737441786005
166,1,0,2,0.0,1.0,1.0,0.0,0.0,0.0,1.0,0.0,0.0,1.0,-1.5156859144318788,-0.2351571990343002
167,1,0,1,1.0,0.0,0.0,1.0,0.0,0.0,1.0,1.0,0.0,0.0,-0.2656337696560887,0.4589861417231558
168,0,1,4,1.0,0.0,1.0,0.0,0.0,0.0,1.0,0.0,0.0,1.0,1.1270711504725694,-0.08666388103324908
169,0,0,0,0.0,1.0,1.0,0.0,0.0,0.0,1.0,1.0,0.0,0.0,1.4619140200362266,-0.12642988822675086
170,0,0,0,0.0,1.0,1.0,0.0,0.0,0.0,1.0,0.0,0.0,1.0,-0.12089746351008669,0.48910360681684706
171,0,0,0,0.0,1.0,0.0,1.0,0.0,0.0,1.0,1.0,0.0,0.0,2.3016298459856577,0.026090367211616904
172,0,4,1,0.0,1.0,1.0,0.0,0.0,1.0,0.0,0.0,0.0,1.0,-1.882735506779719,-0.06199888922968463
173,1,1,1,1.0,0.0,1.0,0.0,0.0,0.0,1.0,0.0,0.0,1.0,-2.1029652621884227,-0.4242561406845337
174,0,0,0,0.0,1.0,1.0,0.0,0.0,0.0,1.0,0.0,0.0,1.0,-0.6347668927970628,-0.4888542575852486
175,0,0,0,0.0,1.0,0.0,1.0,1.0,0.0,0.0,1.0,0.0,0.0,1.9345802536378176,-0.030371322596999754
176,0,1,1,0.0,1.0,1.0,0.0,0.0,0.0,1.0,0.0,0.0,1.0,-0.8549966482057668,-0.4902797934380587
177,0,3,1,0.0,1.0,1.0,0.0,0.0,0.0,1.0,0.0,0.0,1.0,-1.6386449921542299,-0.13565761536436197
178,0,0,0,1.0,0.0,0.0,1.0,1.0,0.0,0.0,1.0,0.0,0.0,1.4941207428204095,-0.07030444769415023
179,0,0,0,0.0,1.0,1.0,0.0,0.0,0.0,1.0,0.0,1.0,0.0,0.02592237342904933,-0.3866707201133388
180,0,0,0,0.0,1.0,1.0,0.0,0.0,0.0,1.0,0.0,0.0,1.0,0.4663818842464574,-0.6484216535389205
181,0,8,2,1.0,0.0,1.0,0.0,0.0,0.0,1.0,0.0,0.0,1.0,-1.3784191335949352,0.7519458402879414
182,0,0,0,0.0,1.0,1.0,0.0,1.0,0.0,0.0,0.0,1.0,0.0,0.15210965364023254,-0.34539461138084326
183,0,4,2,0.0,1.0,1.0,0.0,0.0,0.0,1.0,0.0,0.0,1.0,-1.5156859144318788,-0.016444159470040135
184,1,2,1,0.0,1.0,0.0,1.0,0.0,0.0,1.0,0.0,1.0,0.0,-2.1029652621884227,0.13683114673782454
185,1,0,2,1.0,0.0,1.0,0.0,0.0,0.0,1.0,0.0,0.0,1.0,-1.882735506779719,-0.20495516825442542
186,0,0,0,0.0,1.0,0.0,1.0,0.0,0.0,1.0,1.0,0.0,0.0,1.2188165347781055,0.3583127057902398
187,1,1,0,1.0,0.0,1.0,0.0,0.0,1.0,0.0,0.0,0.0,1.0,0.25557199317890683,-0.3363340021468808
188,1,0,0,0.0,1.0,1.0,0.0,0.0,0.0,1.0,1.0,0.0,0.0,1.1270711504725694,-0.11384570873513637
189,0,1,1,0.0,1.0,1.0,0.0,0.0,1.0,0.0,0.0,0.0,1.0,0.7600215581247294,-0.3363340021468808
190,0,0,0,0.0,1.0,1.0,0.0,0.0,0.0,1.0,0.0,0.0,1.0,0.4663818842464574,-0.4894421904510968
191,1,0,0,1.0,0.0,1.0,0.0,0.0,0.0,1.0,0.0,1.0,0.0,0.17274221036818535,-0.3866707201133388
192,0,0,0,0.0,1.0,1.0,0.0,0.0,0.0,1.0,0.0,1.0,0.0,-0.7815867297361988,-0.3866707201133388
193,1,1,0,1.0,0.0,1.0,0.0,0.0,0.0,1.0,0.0,0.0,1.0,-0.7815867297361988,-0.4902797934380587
194,1,1,1,0.0,1.0,0.0,1.0,0.0,0.0,1.0,0.0,1.0,0.0,-1.956145425249287,-0.12491978668775715
195,1,0,0,1.0,0.0,0.0,1.0,1.0,0.0,0.0,1.0,0.0,0.0,1.0536612320030014,-0.09027201697708476
196,1,0,0,1.0,0.0,0.0,1.0,1.0,0.0,0.0,1.0,0.0,0.0,2.0814000905769534,2.301728820789
197,0,0,0,0.0,1.0,1.0,0.0,0.0,1.0,0.0,0.0,0.0,1.0,0.41468840344952324,-0.49237782784290063
198,0,0,1,0.0,1.0,1.0,0.0,0.0,0.0,1.0,0.0,0.0,1.0,0.9068413950638654,-0.47920571548543794
199,1,0,0,1.0,0.0,1.0,0.0,0.0,1.0,0.0,0.0,0.0,1.0,0.41468840344952324,-0.49237782784290063
200,0,0,0,1.0,0.0,1.0,0.0,0.0,0.0,1.0,0.0,1.0,0.0,-0.41453713738835873,-0.3866707201133388
201,0,0,0,0.0,1.0,1.0,0.0,0.0,0.0,1.0,0.0,0.0,1.0,-0.12089746351008669,-0.45714212526638004
202,0,8,2,0.0,1.0,1.0,0.0,0.0,0.0,1.0,0.0,0.0,1.0,-1.3784191335949352,0.7519458402879414
203,0,0,0,0.0,1.0,1.0,0.0,0.0,0.0,1.0,0.0,0.0,1.0,0.31956204730732135,-0.5176307525123133
204,0,0,0,0.0,1.0,1.0,0.0,1.0,0.0,0.0,0.0,0.0,1.0,1.1637761097073536,-0.5029485386158568
205,1,0,0,0.0,1.0,1.0,0.0,0.0,0.0,1.0,0.0,0.0,1.0,-0.8549966482057668,-0.4863374216869257
206,0,0,1,1.0,0.0,0.0,1.0,0.0,0.0,1.0,0.0,0.0,1.0,-2.029555343718855,-0.43776248884929375
207,0,1,0,0.0,1.0,1.0,0.0,0.0,0.0,1.0,0.0,0.0,1.0,0.17274221036818535,-0.32928686163157667
208,1,0,0,0.0,1.0,1.0,0.0,1.0,0.0,0.0,0.0,0.0,1.0,-0.2677173004492227,-0.2701412180209885
209,1,0,0,1.0,0.0,1.0,0.0,0.0,1.0,0.0,0.0,0.0,1.0,-1.0018164851449027,-0.49237782784290063
210,1,0,0,0.0,1.0,0.0,1.0,1.0,0.0,0.0,1.0,0.0,0.0,0.7600215581247294,-0.024246350754841113
211,0,0,0,0.0,1.0,1.0,0.0,0.0,0.0,1.0,0.0,0.0,1.0,-0.41453713738835873,-0.5064721088735089
212,1,0,0,1.0,0.0,1.0,0.0,0.0,0.0,1.0,0.0,1.0,0.0,0.39297196577688936,-0.22559322262067316
213,0,0,0,0.0,1.0,1.0,0.0,0.0,0.0,1.0,0.0,0.0,1.0,-0.5613569743274948,-0.5024451714361923
214,0,0,0,0.0,1.0,1.0,0.0,0.0,0.0,1.0,0.0,1.0,0.0,0.02592237342904933,-0.3866707201133388
215,0,1,0,0.0,1.0,1.0,0.0,0.0,1.0,0.0,0.0,0.0,1.0,0.10619096960637361,-0.49237782784290063
216,1,1,0,1.0,0.0,0.0,1.0,1.0,0.0,0.0,1.0,0.0,0.0,0.09933229189861734,1.6323350375212924
217,1,0,0,1.0,0.0,1.0,0.0,0.0,0.0,1.0,0.0,0.0,1.0,-0.1943073819796547,-0.4888542575852486
218,0,1,0,0.0,1.0,1.0,0.0,0.0,0.0,1.0,0.0,1.0,0.0,0.9068413950638654,-0.10478509950117394
219,1,0,0,1.0,0.0,0.0,1.0,1.0,0.0,0.0,1.0,0.0,0.0,0.17274221036818535,0.8876878608937296
220,0,0,0,0.0,1.0,1.0,0.0,0.0,0.0,1.0,0.0,1.0,0.0,0.02592237342904933,-0.43700743807979686
221,1,0,0,0.0,1.0,1.0,0.0,0.0,0.0,1.0,0.0,0.0,1.0,-1.0018164851449027,-0.4863374216869257
222,0,0,0,0.0,1.0,1.0,0.0,0.0,0.0,1.0,0.0,1.0,0.0,-0.1943073819796547,-0.3866707201133388
223,0,0,0,0.0,1.0,1.0,0.0,0.0,0.0,1.0,0.0,0.0,1.0,1.5675306612899775,-0.4863374216869257
224,0,0,0,0.0,1.0,1.0,0.0,0.0,0.0,1.0,0.0,0.0,1.0,-0.12477305478502965,-0.4894421904510968
225,1,1,0,0.0,1.0,0.0,1.0,0.0,0.0,1.0,1.0,0.0,0.0,0.6132017211855934,1.163700193253568
226,0,0,0,0.0,1.0,1.0,0.0,0.0,0.0,1.0,0.0,0.0,1.0,-0.5613569743274948,-0.4601623283443675
227,1,0,0,0.0,1.0,1.0,0.0,0.0,0.0,1.0,0.0,1.0,0.0,-0.7815867297361988,-0.43700743807979686
228,0,0,0,0.0,1.0,1.0,0.0,0.0,0.0,1.0,0.0,0.0,1.0,-0.6714718520318468,-0.5024451714361923
229,0,0,0,0.0,1.0,1.0,0.0,0.0,0.0,1.0,0.0,1.0,0.0,-0.8549966482057668,-0.3866707201133388
230,0,3,1,1.0,0.0,1.0,0.0,0.0,0.0,1.0,0.0,0.0,1.0,-1.6386449921542299,-0.13565761536436197
231,1,1,0,1.0,0.0,0.0,1.0,0.0,0.0,1.0,1.0,0.0,0.0,0.39297196577688936,1.0323213593611125
232,0,0,0,0.0,1.0,1.0,0.0,0.0,0.0,1.0,0.0,0.0,1.0,-0.04748754504051868,-0.4918744606632361
233,0,0,0,0.0,1.0,1.0,0.0,0.0,0.0,1.0,0.0,1.0,0.0,2.1548100090465216,-0.3766033765200472
234,1,4,2,1.0,0.0,1.0,0.0,0.0,0.0,1.0,0.0,0.0,1.0,-1.809325588310151,-0.016444159470040135
235,0,0,0,0.0,1.0,1.0,0.0,0.0,0.0,1.0,0.0,1.0,0.0,-0.41453713738835873,-0.43700743807979686
236,0,0,0,1.0,0.0,1.0,0.0,0.0,0.0,1.0,0.0,0.0,1.0,0.10728879095483763,-0.49640476528021726
237,0,1,0,0.0,1.0,1.0,0.0,0.0,0.0,1.0,0.0,1.0,0.0,1.0536612320030014,-0.12491978668775715
238,1,0,2,1.0,0.0,1.0,0.0,0.0,0.0,1.0,0.0,1.0,0.0,-1.5890958329014468,-0.11988611489111134
239,0,0,0,0.0,1.0,1.0,0.0,0.0,0.0,1.0,0.0,1.0,0.0,-0.7815867297361988,-0.43700743807979686
240,0,0,0,0.0,1.0,1.0,0.0,0.0,0.0,1.0,0.0,1.0,0.0,0.24615212883775336,-0.4012683683236117
241,0,1,0,1.0,0.0,1.0,0.0,1.0,0.0,0.0,0.0,0.0,1.0,-0.6494375617768099,-0.3573908580066095
242,1,1,0,1.0,0.0,1.0,0.0,0.0,1.0,0.0,0.0,0.0,1.0,0.25557199317890683,-0.3363340021468808
243,0,0,0,0.0,1.0,1.0,0.0,0.0,0.0,1.0,0.0,1.0,0.0,-0.04748754504051868,-0.43700743807979686
244,0,0,0,0.0,1.0,1.0,0.0,0.0,0.0,1.0,0.0,0.0,1.0,-0.5613569743274948,-0.5049620073345151
245,0,0,0,0.0,1.0,1.0,0.0,1.0,0.0,0.0,0.0,0.0,1.0,0.02592237342904933,-0.5029485386158568
246,0,2,0,0.0,1.0,0.0,1.0,0.0,1.0,0.0,1.0,0.0,0.0,1.0536612320030014,1.163700193253568
247,0,0,0,1.0,0.0,1.0,0.0,0.0,0.0,1.0,0.0,0.0,1.0,-0.3411272189187907,-0.4918744606632361
248,1,0,2,1.0,0.0,1.0,0.0,0.0,0.0,1.0,0.0,1.0,0.0,-0.41453713738835873,-0.35646868933346404
249,1,1,1,0.0,1.0,0.0,1.0,0.0,0.0,1.0,1.0,0.0,0.0,0.5397918027160253,0.40974072380221066
250,0,1,0,0.0,1.0,1.0,0.0,0.0,0.0,1.0,0.0,1.0,0.0,1.7877604166986816,-0.12491978668775715
251,0,0,0,0.0,1.0,1.0,0.0,0.0,0.0,1.0,0.0,0.0,1.0,0.009977455026395656,-0.5024451714361923
252,0,1,1,1.0,0.0,0.0,1.0,0.0,0.0,1.0,0.0,0.0,1.0,-0.04748754504051868,-0.43776248884929375
253,0,0,0,0.0,1.0,0.0,1.0,0.0,0.0,1.0,1.0,0.0,0.0,2.3750397644552255,-0.11384570873513637
254,0,1,0,0.0,1.0,1.0,0.0,0.0,0.0,1.0,0.0,0.0,1.0,0.02592237342904933,-0.32425318983493084
255,0,0,2,1.0,0.0,1.0,0.0,0.0,0.0,1.0,0.0,0.0,1.0,0.8334314765942974,-0.2414492887801075
256,1,0,2,1.0,0.0,1.0,0.0,1.0,0.0,0.0,0.0,0.0,1.0,-0.04748754504051868,-0.3414522396297103
257,1,0,0,1.0,0.0,1.0,0.0,1.0,0.0,0.0,1.0,0.0,0.0,0.36509717102087547,0.9462455716384695
258,1,0,0,1.0,0.0,0.0,1.0,0.0,0.0,1.0,1.0,0.0,0.0,0.02592237342904933,1.093228788100527
259,1,0,0,1.0,0.0,1.0,0.0,1.0,0.0,0.0,1.0,0.0,0.0,0.39297196577688936,9.667166525013505
260,1,0,1,1.0,0.0,1.0,0.0,0.0,0.0,1.0,0.0,1.0,0.0,1.4941207428204095,-0.12491978668775715
261,0,0,0,0.0,1.0,1.0,0.0,0.0,1.0,0.0,0.0,0.0,1.0,0.41468840344952324,-0.49237782784290063
262,1,4,2,0.0,1.0,1.0,0.0,0.0,0.0,1.0,0.0,0.0,1.0,-1.956145425249287,-0.016444159470040135
263,0,1,1,0.0,1.0,0.0,1.0,0.0,0.0,1.0,1.0,0.0,0.0,1.6409405797595455,0.955306180872432
264,0,0,0,0.0,1.0,0.0,1.0,0.0,0.0,1.0,1.0,0.0,0.0,0.7600215581247294,-0.6484216535389205
265,0,0,0,1.0,0.0,1.0,0.0,0.0,1.0,0.0,0.0,0.0,1.0,0.41468840344952324,-0.49237782784290063
266,0,0,0,0.0,1.0,1.0,0.0,0.0,0.0,1.0,0.0,1.0,0.0,0.4663818842464574,-0.43700743807979686
267,0,4,1,0.0,1.0,1.0,0.0,0.0,0.0,1.0,0.0,0.0,1.0,-1.0018164851449027,0.1506737441786005
268,1,1,0,0.0,1.0,1.0,0.0,0.0,0.0,1.0,0.0,0.0,1.0,-0.3411272189187907,-0.4918744606632361
269,1,0,1,1.0,0.0,0.0,1.0,0.0,0.0,1.0,1.0,0.0,0.0,2.0814000905769534,2.441497778832105
270,1,0,0,1.0,0.0,0.0,1.0,0.0,0.0,1.0,1.0,0.0,0.0,0.39297196577688936,2.0825124140450755
271,0,0,0,0.0,1.0,1.0,0.0,0.0,0.0,1.0,1.0,0.0,0.0,0.5306080908263392,-0.024246350754841113
272,1,0,0,0.0,1.0,1.0,0.0,0.0,0.0,1.0,0.0,0.0,1.0,-0.3411272189187907,-0.6484216535389205
273,1,0,1,1.0,0.0,1.0,0.0,0.0,0.0,1.0,0.0,1.0,0.0,0.8334314765942974,-0.255795253400548
274,0,0,1,0.0,1.0,0.0,1.0,1.0,0.0,0.0,1.0,0.0,0.0,0.5397918027160253,-0.05042144409739929
275,1,0,0,1.0,0.0,1.0,0.0,0.0,1.0,0.0,0.0,0.0,1.0,0.41468840344952324,-0.49237782784290063
276,1,1,0,1.0,0.0,0.0,1.0,0.0,0.0,1.0,1.0,0.0,0.0,2.4484496829247933,0.921244330558889
277,0,0,0,1.0,0.0,1.0,0.0,0.0,0.0,1.0,0.0,0.0,1.0,1.1270711504725694,-0.49237782784290063
278,0,0,0,0.0,1.0,1.0,0.0,0.0,0.0,1.0,0.0,1.0,0.0,0.39648916712696625,-0.6484216535389205
279,0,4,1,0.0,1.0,1.0,0.0,0.0,1.0,0.0,0.0,0.0,1.0,-1.6625057513710149,-0.06199888922968463
280,1,1,1,1.0,0.0,1.0,0.0,0.0,0.0,1.0,0.0,0.0,1.0,0.39297196577688936,-0.24069423801061057
281,0,0,0,0.0,1.0,1.0,0.0,0.0,1.0,0.0,0.0,0.0,1.0,2.5952695198639293,-0.49237782784290063
282,0,0,0,0.0,1.0,1.0,0.0,0.0,0.0,1.0,0.0,0.0,1.0,-0.12089746351008669,-0.4902797934380587
283,0,0,0,0.0,1.0,1.0,0.0,0.0,0.0,1.0,0.0,0.0,1.0,-1.0018164851449027,-0.45714212526638004
284,1,0,0,0.0,1.0,1.0,0.0,0.0,0.0,1.0,0.0,0.0,1.0,-0.7815867297361988,-0.4863374216869257
285,0,0,0,0.0,1.0,0.0,1.0,0.0,0.0,1.0,1.0,0.0,0.0,2.0630103379473854,-0.12491978668775715
286,0,0,0,0.0,1.0,1.0,0.0,1.0,0.0,0.0,0.0,0.0,1.0,0.24615212883775336,-0.47400492578514347
287,1,0,0,0.0,1.0,1.0,0.0,0.0,0.0,1.0,0.0,0.0,1.0,0.02592237342904933,-0.45714212526638004
288,0,0,0,0.0,1.0,1.0,0.0,0.0,0.0,1.0,0.0,0.0,1.0,-0.5613569743274948,-0.4894421904510968
289,1,0,0,0.0,1.0,1.0,0.0,0.0,0.0,1.0,0.0,1.0,0.0,0.9068413950638654,-0.3866707201133388
290,1,0,0,1.0,0.0,1.0,0.0,0.0,1.0,0.0,0.0,0.0,1.0,-0.5613569743274948,-0.49237782784290063
291,1,0,0,1.0,0.0,1.0,0.0,0.0,0.0,1.0,1.0,0.0,0.0,-0.2677173004492227,0.9391984311231651
292,1,1,0,1.0,0.0,0.0,1.0,1.0,0.0,0.0,1.0,0.0,0.0,-0.7815867297361988,1.1854295476653287
293,0,0,0,0.0,1.0,0.0,1.0,1.0,0.0,0.0,0.0,1.0,0.0,0.4663818842464574,-0.3891875560116617
294,0,0,0,1.0,0.0,1.0,0.0,0.0,0.0,1.0,0.0,0.0,1.0,-0.41453713738835873,-0.4702296719376591
295,0,0,0,0.0,1.0,1.0,0.0,0.0,0.0,1.0,0.0,0.0,1.0,-0.41453713738835873,-0.4894421904510968
296,0,0,0,0.0,1.0,1.0,0.0,1.0,0.0,0.0,1.0,0.0,0.0,0.8481199554244482,-0.09027201697708476
297,0,0,0,0.0,1.0,1.0,0.0,1.0,0.0,0.0,0.0,0.0,1.0,-0.45124209662314274,-0.5028639729296732
298,0,1,2,1.0,0.0,0.0,1.0,0.0,0.0,1.0,1.0,0.0,0.0,-2.029555343718855,2.4029901895877646
299,1,0,0,0.0,1.0,0.0,1.0,0.0,0.0,1.0,1.0,0.0,0.0,0.8756331636945529,-0.034313694348132716
300,1,0,1,1.0,0.0,0.0,1.0,1.0,0.0,0.0,1.0,0.0,0.0,1.4941207428204095,4.335332226633905
301,1,0,0,1.0,0.0,1.0,0.0,0.0,1.0,0.0,0.0,0.0,1.0,0.41468840344952324,-0.49237782784290063
302,1,2,0,0.0,1.0,1.0,0.0,0.0,1.0,0.0,0.0,0.0,1.0,-0.4649975859710386,-0.18029017645086096
303,0,0,0,0.0,1.0,1.0,0.0,0.0,0.0,1.0,0.0,0.0,1.0,-0.7815867297361988,-0.6484216535389205
304,1,0,0,1.0,0.0,0.0,1.0,0.0,1.0,0.0,0.0,1.0,0.0,0.9490165337323611,-0.3997582667846179
305,0,0,0,0.0,1.0,1.0,0.0,0.0,0.0,1.0,0.0,0.0,1.0,0.07772971875708905,-0.4863374216869257
306,1,1,2,0.0,1.0,0.0,1.0,0.0,0.0,1.0,1.0,0.0,0.0,-2.1088380556659883,2.4029901895877646
307,1,0,0,1.0,0.0,1.0,0.0,1.0,0.0,0.0,1.0,0.0,0.0,-0.07803459191796709,1.5841789061771412
308,1,1,0,1.0,0.0,0.0,1.0,1.0,0.0,0.0,1.0,0.0,0.0,-0.9284065666753348,1.5442457810799908
309,0,1,0,0.0,1.0,1.0,0.0,1.0,0.0,0.0,0.0,1.0,0.0,0.02592237342904933,-0.16518916106092355
310,1,0,0,1.0,0.0,0.0,1.0,1.0,0.0,0.0,1.0,0.0,0.0,0.02592237342904933,0.49782998024351216
311,1,0,0,1.0,0.0,0.0,1.0,1.0,0.0,0.0,1.0,0.0,0.0,-0.41453713738835873,1.0259447039291216
312,1,2,2,1.0,0.0,0.0,1.0,1.0,0.0,0.0,1.0,0.0,0.0,-0.8549966482057668,4.634416897040849
313,0,1,1,1.0,0.0,1.0,0.0,0.0,0.0,1.0,0.0,1.0,0.0,-0.2677173004492227,-0.12491978668775715
314,0,0,0,0.0,1.0,1.0,0.0,0.0,0.0,1.0,0.0,0.0,1.0,-0.12089746351008669,-0.4894421904510968
315,0,1,1,0.0,1.0,1.0,0.0,0.0,0.0,1.0,0.0,1.0,0.0,0.9802513135334334,-0.11988611489111134
316,1,0,0,1.0,0.0,1.0,0.0,0.0,0.0,1.0,0.0,0.0,1.0,-0.2677173004492227,-0.4902797934380587
317,1,1,0,1.0,0.0,1.0,0.0,0.0,0.0,1.0,0.0,1.0,0.0,-0.41453713738835873,-0.12491978668775715
318,0,0,0,0.0,1.0,1.0,0.0,0.0,0.0,1.0,0.0,1.0,0.0,1.7877604166986816,-0.36653603292675563
319,1,0,2,1.0,0.0,0.0,1.0,0.0,0.0,1.0,1.0,0.0,0.0,0.09933229189861734,2.671117778445337
320,1,1,1,1.0,0.0,0.0,1.0,1.0,0.0,0.0,1.0,0.0,0.0,0.7600215581247294,2.059693773056521
321,0,0,0,0.0,1.0,1.0,0.0,0.0,0.0,1.0,0.0,0.0,1.0,-0.5613569743274948,-0.5024451714361923
322,0,0,0,0.0,1.0,1.0,0.0,0.0,0.0,1.0,0.0,0.0,1.0,-0.1943073819796547,-0.4894421904510968
323,1,0,0,1.0,0.0,1.0,0.0,0.0,1.0,0.0,0.0,1.0,0.0,0.02592237342904933,-0.3997582667846179
324,1,1,1,1.0,0.0,1.0,0.0,0.0,0.0,1.0,0.0,1.0,0.0,-0.5613569743274948,-0.06451572512800753
325,0,8,2,0.0,1.0,1.0,0.0,0.0,0.0,1.0,0.0,0.0,1.0,-1.3784191335949352,0.7519458402879414
326,1,0,0,1.0,0.0,0.0,1.0,1.0,0.0,0.0,1.0,0.0,0.0,0.4663818842464574,2.0825124140450755
327,0,0,0,0.0,1.0,1.0,0.0,0.0,0.0,1.0,0.0,0.0,1.0,2.3016298459856577,-0.5228315422126077
328,1,0,0,1.0,0.0,0.0,1.0,0.0,0.0,1.0,0.0,1.0,0.0,0.4663818842464574,-0.3866707201133388
329,1,1,1,1.0,0.0,1.0,0.0,0.0,0.0,1.0,0.0,0.0,1.0,0.09933229189861734,-0.2351571990343002
330,1,0,1,1.0,0.0,0.0,1.0,1.0,0.0,0.0,1.0,0.0,0.0,-1.0018164851449027,0.5189714017894245
331,1,2,0,1.0,0.0,1.0,0.0,0.0,1.0,0.0,0.0,0.0,1.0,-0.4649975859710386,-0.18029017645086096
332,0,0,0,0.0,1.0,0.0,1.0,0.0,0.0,1.0,1.0,0.0,0.0,1.1637761097073536,-0.07458306872129913
333,0,0,1,0.0,1.0,0.0,1.0,0.0,0.0,1.0,1.0,0.0,0.0,0.6132017211855934,2.441497778832105
334,0,2,0,0.0,1.0,1.0,0.0,0.0,0.0,1.0,0.0,0.0,1.0,-1.0018164851449027,-0.2859972841804228
335,1,1,0,1.0,0.0,1.0,0.0,0.0,0.0,1.0,1.0,0.0,0.0,0.1287362385610932,2.042579288947925
336,0,0,0,0.0,1.0,1.0,0.0,0.0,0.0,1.0,0.0,0.0,1.0,-0.12477305478502965,-0.4894421904510968
337,0,1,0,0.0,1.0,0.0,1.0,0.0,0.0,1.0,1.0,0.0,0.0,-0.04748754504051868,0.6925485130875209
338,1,0,0,1.0,0.0,0.0,1.0,1.0,0.0,0.0,1.0,0.0,0.0,0.8334314765942974,2.059693773056521
339,1,0,0,0.0,1.0,1.0,0.0,0.0,0.0,1.0,0.0,0.0,1.0,1.1270711504725694,-0.4863374216869257
340,0,0,0,0.0,1.0,0.0,1.0,0.0,0.0,1.0,1.0,0.0,0.0,1.1270711504725694,0.06635974158478332
341,1,1,1,0.0,1.0,0.0,1.0,0.0,0.0,1.0,0.0,1.0,0.0,-2.029555343718855,-0.12491978668775715
342,1,3,2,1.0,0.0,0.0,1.0,0.0,0.0,1.0,1.0,0.0,0.0,-0.41453713738835873,4.647001076532463
343,0,0,0,0.0,1.0,1.0,0.0,0.0,0.0,1.0,0.0,1.0,0.0,-0.12089746351008669,-0.3866707201133388
344,0,0,0,0.0,1.0,1.0,0.0,0.0,0.0,1.0,0.0,1.0,0.0,-0.3411272189187907,-0.3866707201133388
345,0,0,0,0.0,1.0,1.0,0.0,0.0,0.0,1.0,0.0,1.0,0.0,0.4663818842464574,-0.3866707201133388
346,1,0,0,1.0,0.0,0.0,1.0,0.0,0.0,1.0,0.0,1.0,0.0,-0.41453713738835873,-0.3866707201133388
347,1,0,0,1.0,0.0,1.0,0.0,0.0,0.0,1.0,0.0,1.0,0.0,0.7600215581247294,-0.3866707201133388
348,1,1,0,1.0,0.0,1.0,0.0,0.0,0.0,1.0,0.0,0.0,1.0,-0.21712549789987273,-0.32425318983493084
349,1,1,1,0.0,1.0,1.0,0.0,0.0,0.0,1.0,0.0,0.0,1.0,-1.956145425249287,-0.32828012727224753
350,0,0,0,0.0,1.0,1.0,0.0,0.0,0.0,1.0,0.0,0.0,1.0,0.9068413950638654,-0.47400492578514347
351,0,0,0,0.0,1.0,1.0,0.0,0.0,0.0,1.0,0.0,0.0,1.0,-0.48794705585792675,-0.4626791642426904
352,0,0,0,0.0,1.0,0.0,1.0,0.0,0.0,1.0,1.0,0.0,0.0,2.2259562948098828,0.05629239799149171
353,0,1,1,0.0,1.0,1.0,0.0,1.0,0.0,0.0,0.0,0.0,1.0,-1.0752264036144707,-0.5028639729296732
354,0,1,0,0.0,1.0,1.0,0.0,0.0,0.0,1.0,0.0,0.0,1.0,-0.3411272189187907,-0.29002422161773944
355,0,0,0,0.0,1.0,1.0,0.0,1.0,0.0,0.0,0.0,0.0,1.0,-0.009446147809904328,-0.5029485386158568
356,0,0,0,0.0,1.0,1.0,0.0,0.0,0.0,1.0,0.0,0.0,1.0,-0.12089746351008669,-0.45714212526638004
357,1,0,1,1.0,0.0,0.0,1.0,0.0,0.0,1.0,1.0,0.0,0.0,-0.5613569743274948,0.4589861417231558
358,0,0,0,1.0,0.0,1.0,0.0,0.0,0.0,1.0,0.0,1.0,0.0,0.6132017211855934,-0.3866707201133388
359,1,0,0,1.0,0.0,1.0,0.0,0.0,1.0,0.0,0.0,0.0,1.0,-0.5334528924560177,-0.48977642625839407
360,1,0,0,1.0,0.0,1.0,0.0,0.0,1.0,0.0,0.0,0.0,1.0,-0.5334528924560177,-0.48977642625839407
361,0,1,4,0.0,1.0,1.0,0.0,0.0,0.0,1.0,0.0,0.0,1.0,0.7600215581247294,-0.08666388103324908
362,0,1,0,0.0,1.0,1.0,0.0,1.0,0.0,0.0,0.0,1.0,0.0,-0.04748754504051868,-0.09027201697708476
363,0,0,1,1.0,0.0,1.0,0.0,1.0,0.0,0.0,0.0,0.0,1.0,1.1270711504725694,-0.3573908580066095
364,0,0,0,0.0,1.0,1.0,0.0,0.0,0.0,1.0,0.0,0.0,1.0,0.39297196577688936,-0.5064721088735089
365,0,1,0,0.0,1.0,1.0,0.0,0.0,1.0,0.0,0.0,0.0,1.0,0.25557199317890683,-0.3363340021468808
366,0,0,0,0.0,1.0,1.0,0.0,0.0,0.0,1.0,0.0,0.0,1.0,0.02592237342904933,-0.5024451714361923
367,1,1,0,1.0,0.0,0.0,1.0,1.0,0.0,0.0,1.0,0.0,0.0,2.2282199275160894,0.8667135572514657
368,1,0,0,1.0,0.0,1.0,0.0,1.0,0.0,0.0,0.0,0.0,1.0,-0.4970273590419666,-0.5028639729296732
369,1,0,0,1.0,0.0,1.0,0.0,0.0,1.0,0.0,0.0,0.0,1.0,0.41468840344952324,-0.49237782784290063
370,1,0,0,1.0,0.0,0.0,1.0,1.0,0.0,0.0,1.0,0.0,0.0,-0.41453713738835873,0.7469121684912956
371,1,1,0,0.0,1.0,0.0,1.0,1.0,0.0,0.0,1.0,0.0,0.0,-0.3411272189187907,0.4678796330534696
372,0,1,0,0.0,1.0,1.0,0.0,0.0,0.0,1.0,0.0,0.0,1.0,-0.8549966482057668,-0.5176307525123133
373,0,0,0,0.0,1.0,1.0,0.0,0.0,0.0,1.0,0.0,0.0,1.0,-0.7815867297361988,-0.4863374216869257
374,0,0,0,0.0,1.0,1.0,0.0,1.0,0.0,0.0,1.0,0.0,0.0,-0.5613569743274948,2.0825124140450755
375,0,3,1,1.0,0.0,1.0,0.0,0.0,0.0,1.0,0.0,0.0,1.0,-1.956145425249287,-0.22408312108167944
376,1,1,0,1.0,0.0,1.0,0.0,1.0,0.0,0.0,1.0,0.0,0.0,0.16843256749384058,1.0060617003323709
377,1,0,0,1.0,0.0,1.0,0.0,0.0,0.0,1.0,0.0,0.0,1.0,-0.5613569743274948,-0.5024451714361923
378,0,0,2,0.0,1.0,0.0,1.0,1.0,0.0,0.0,1.0,0.0,0.0,-0.1943073819796547,3.610064686423428
379,0,0,0,0.0,1.0,1.0,0.0,1.0,0.0,0.0,0.0,0.0,1.0,-0.7081768112666308,-0.5676312212027554
380,0,0,0,0.0,1.0,1.0,0.0,0.0,0.0,1.0,0.0,0.0,1.0,-0.7815867297361988,-0.4918744606632361
381,1,0,0,1.0,0.0,1.0,0.0,1.0,0.0,0.0,1.0,0.0,0.0,0.9068413950638654,3.9327230485884233
382,1,0,2,1.0,0.0,1.0,0.0,1.0,0.0,0.0,0.0,0.0,1.0,-2.1029652621884227,-0.33146744825388363
383,0,0,0,0.0,1.0,1.0,0.0,0.0,0.0,1.0,0.0,0.0,1.0,0.17274221036818535,-0.4888542575852486
384,1,1,0,1.0,0.0,1.0,0.0,0.0,0.0,1.0,1.0,0.0,0.0,0.39297196577688936,0.39858208016340624
385,0,0,0,0.0,1.0,1.0,0.0,0.0,0.0,1.0,0.0,0.0,1.0,-0.12477305478502965,-0.4894421904510968
386,0,0,0,0.0,1.0,1.0,0.0,0.0,0.0,1.0,0.0,1.0,0.0,-0.8549966482057668,0.8314778546749452
387,0,5,2,0.0,1.0,1.0,0.0,0.0,0.0,1.0,0.0,0.0,1.0,-2.1029652621884227,0.2958951755118318
388,1,0,0,1.0,0.0,1.0,0.0,0.0,0.0,1.0,0.0,1.0,0.0,0.4663818842464574,-0.3866707201133388
389,0,0,0,0.0,1.0,1.0,0.0,0.0,1.0,0.0,0.0,0.0,1.0,-0.7158421922413775,-0.49279662933638163
390,1,0,0,1.0,0.0,1.0,0.0,1.0,0.0,0.0,0.0,1.0,0.0,-0.9284065666753348,-0.40680540729992204
391,1,1,2,0.0,1.0,0.0,1.0,0.0,0.0,1.0,1.0,0.0,0.0,0.4663818842464574,1.7677408088510642
392,1,0,0,0.0,1.0,1.0,0.0,0.0,0.0,1.0,0.0,0.0,1.0,-0.6347668927970628,-0.49145565916975514
393,0,2,0,0.0,1.0,1.0,0.0,0.0,0.0,1.0,0.0,0.0,1.0,-0.12089746351008669,-0.4888542575852486
394,1,1,0,1.0,0.0,0.0,1.0,1.0,0.0,0.0,1.0,0.0,0.0,-0.48794705585792675,1.6323350375212924
395,1,0,2,1.0,0.0,0.0,1.0,0.0,0.0,1.0,0.0,0.0,1.0,-0.41453713738835873,-0.312172377522981
396,0,0,0,0.0,1.0,1.0,0.0,0.0,0.0,1.0,0.0,0.0,1.0,-0.5613569743274948,-0.49145565916975514
397,0,0,0,1.0,0.0,1.0,0.0,0.0,0.0,1.0,0.0,0.0,1.0,0.09933229189861734,-0.4902797934380587
398,0,0,0,0.0,1.0,1.0,0.0,0.0,0.0,1.0,0.0,1.0,0.0,1.2004810689421375,-0.12491978668775715
399,0,0,0,0.0,1.0,1.0,0.0,0.0,0.0,1.0,0.0,1.0,0.0,-0.48794705585792675,-0.43700743807979686
400,1,0,0,1.0,0.0,1.0,0.0,0.0,0.0,1.0,0.0,1.0,0.0,-0.12089746351008669,-0.393717860628643
401,1,0,0,0.0,1.0,1.0,0.0,0.0,0.0,1.0,0.0,0.0,1.0,0.6866116396551614,-0.4888542575852486
402,0,0,0,0.0,1.0,1.0,0.0,0.0,0.0,1.0,0.0,0.0,1.0,-0.2677173004492227,-0.4863374216869257
403,0,1,0,1.0,0.0,1.0,0.0,0.0,0.0,1.0,0.0,0.0,1.0,-0.6347668927970628,-0.4505983519307405
404,0,1,0,0.0,1.0,1.0,0.0,0.0,0.0,1.0,0.0,0.0,1.0,-0.12089746351008669,-0.32928686163157667
405,0,0,0,1.0,0.0,1.0,0.0,0.0,0.0,1.0,0.0,0.0,1.0,-0.7081768112666308,-0.47400492578514347
406,0,1,0,0.0,1.0,1.0,0.0,0.0,0.0,1.0,0.0,1.0,0.0,0.31956204730732135,-0.22559322262067316
407,0,0,0,0.0,1.0,1.0,0.0,0.0,0.0,1.0,0.0,0.0,1.0,1.5675306612899775,-0.49237782784290063
408,1,1,1,0.0,1.0,1.0,0.0,0.0,0.0,1.0,0.0,1.0,0.0,-1.956145425249287,-0.2708962687904854
409,0,0,0,0.0,1.0,1.0,0.0,0.0,0.0,1.0,0.0,0.0,1.0,-0.6347668927970628,-0.4918744606632361
410,0,3,1,1.0,0.0,1.0,0.0,0.0,0.0,1.0,0.0,0.0,1.0,-1.6386449921542299,-0.13565761536436197
411,0,0,0,0.0,1.0,1.0,0.0,0.0,0.0,1.0,0.0,0.0,1.0,-0.12477305478502965,-0.4894421904510968
412,0,0,0,0.0,1.0,1.0,0.0,0.0,1.0,0.0,0.0,0.0,1.0,-0.6581615414038128,-0.5103319284071769
413,1,1,0,1.0,0.0,0.0,1.0,0.0,1.0,0.0,1.0,0.0,0.0,0.24615212883775336,1.163700193253568
414,0,0,0,0.0,1.0,1.0,0.0,0.0,0.0,1.0,0.0,1.0,0.0,0.39648916712696625,-0.6484216535389205
415,1,0,0,0.0,1.0,1.0,0.0,0.0,0.0,1.0,0.0,0.0,1.0,1.0536612320030014,-0.4888542575852486
416,0,0,0,1.0,0.0,1.0,0.0,0.0,0.0,1.0,0.0,0.0,1.0,0.07772971875708905,-0.4863374216869257
417,1,1,1,1.0,0.0,1.0,0.0,0.0,0.0,1.0,0.0,1.0,0.0,0.31956204730732135,0.005955680025033696
418,1,0,2,1.0,0.0,1.0,0.0,0.0,0.0,1.0,0.0,1.0,0.0,-0.8549966482057668,-0.3866707201133388
419,0,0,0,0.0,1.0,1.0,0.0,0.0,0.0,1.0,0.0,1.0,0.0,0.02592237342904933,-0.3866707201133388
420,0,0,2,1.0,0.0,1.0,0.0,0.0,0.0,1.0,0.0,0.0,1.0,-1.4422759959623108,-0.1621689579829361
421,0,0,0,0.0,1.0,1.0,0.0,1.0,0.0,0.0,0.0,0.0,1.0,-0.12477305478502965,-0.4894421904510968
422,0,0,0,0.0,1.0,1.0,0.0,0.0,1.0,0.0,0.0,0.0,1.0,-0.6347668927970628,-0.49271407711891657
423,0,0,0,0.0,1.0,1.0,0.0,0.0,0.0,1.0,0.0,0.0,1.0,-0.04748754504051868,-0.4898609919445778
424,0,1,1,1.0,0.0,1.0,0.0,0.0,0.0,1.0,0.0,0.0,1.0,-0.12089746351008669,-0.35848215805212236
425,0,1,1,0.0,1.0,1.0,0.0,0.0,0.0,1.0,0.0,0.0,1.0,-0.8549966482057668,-0.2414492887801075
426,0,0,0,0.0,1.0,1.0,0.0,0.0,0.0,1.0,0.0,0.0,1.0,0.009977455026395656,-0.5024451714361923
427,1,1,0,1.0,0.0,1.0,0.0,0.0,0.0,1.0,0.0,1.0,0.0,-0.12089746351008669,-0.12491978668775715
428,1,0,0,1.0,0.0,1.0,0.0,0.0,0.0,1.0,0.0,1.0,0.0,-0.7815867297361988,-0.12491978668775715
429,0,0,0,0.0,1.0,1.0,0.0,0.0,1.0,0.0,0.0,0.0,1.0,0.41468840344952324,-0.49237782784290063
430,1,0,0,0.0,1.0,0.0,1.0,0.0,0.0,1.0,0.0,0.0,1.0,0.17274221036818535,-0.4863374216869257
431,1,0,0,0.0,1.0,0.0,1.0,0.0,0.0,1.0,1.0,0.0,0.0,-0.12089746351008669,-0.11384570873513637
432,1,1,0,1.0,0.0,1.0,0.0,0.0,0.0,1.0,0.0,0.0,1.0,-0.21712549789987273,-0.32425318983493084
433,1,1,0,1.0,0.0,1.0,0.0,0.0,0.0,1.0,0.0,1.0,0.0,0.9068413950638654,-0.12491978668775715
434,0,0,0,0.0,1.0,1.0,0.0,0.0,0.0,1.0,0.0,0.0,1.0,-0.9284065666753348,-0.5049620073345151
435,0,1,0,0.0,1.0,0.0,1.0,0.0,0.0,1.0,1.0,0.0,0.0,1.4941207428204095,0.4771073601910807
436,1,1,2,1.0,0.0,0.0,1.0,0.0,0.0,1.0,1.0,0.0,0.0,-1.1486363220840388,1.7677408088510642
437,0,2,2,1.0,0.0,1.0,0.0,0.0,0.0,1.0,0.0,0.0,1.0,-0.6347668927970628,0.04370821849987721
438,1,2,3,1.0,0.0,1.0,0.0,0.0,0.0,1.0,0.0,1.0,0.0,-0.41453713738835873,-0.2708962687904854
439,0,1,4,0.0,1.0,0.0,1.0,0.0,0.0,1.0,1.0,0.0,0.0,2.5218596013943615,4.647001076532463
440,0,0,0,0.0,1.0,1.0,0.0,0.0,0.0,1.0,0.0,1.0,0.0,0.09933229189861734,-0.43700743807979686
441,1,1,1,1.0,0.0,1.0,0.0,0.0,0.0,1.0,0.0,1.0,0.0,1.1270711504725694,-0.11988611489111134
442,0,0,0,0.0,1.0,1.0,0.0,0.0,0.0,1.0,0.0,0.0,1.0,-0.7081768112666308,-0.45714212526638004
443,0,1,0,0.0,1.0,1.0,0.0,0.0,0.0,1.0,0.0,0.0,1.0,-0.3411272189187907,-0.4918744606632361
444,1,0,0,1.0,0.0,1.0,0.0,0.0,0.0,1.0,0.0,1.0,0.0,-0.12089746351008669,-0.3866707201133388
445,1,0,0,0.0,1.0,1.0,0.0,0.0,0.0,1.0,0.0,0.0,1.0,-0.45297219297791985,-0.48507900373776425
446,1,0,2,0.0,1.0,0.0,1.0,0.0,0.0,1.0,1.0,0.0,0.0,-1.882735506779719,0.9997696105865636
447,1,0,1,1.0,0.0,1.0,0.0,0.0,0.0,1.0,0.0,1.0,0.0,-1.2220462405536068,-0.255795253400548
448,1,0,0,0.0,1.0,1.0,0.0,0.0,0.0,1.0,1.0,0.0,0.0,0.31956204730732135,-0.11384570873513637
449,1,2,1,1.0,0.0,1.0,0.0,1.0,0.0,0.0,0.0,0.0,1.0,-1.809325588310151,-0.26066180729354516
450,1,0,0,0.0,1.0,0.0,1.0,0.0,0.0,1.0,1.0,0.0,0.0,1.6409405797595455,-0.034313694348132716
451,0,1,2,0.0,1.0,1.0,0.0,0.0,0.0,1.0,0.0,1.0,0.0,0.4663818842464574,-0.08968408411123653
452,0,1,0,0.0,1.0,1.0,0.0,0.0,0.0,1.0,0.0,0.0,1.0,-0.4079135090125409,-0.2463983948905696
453,0,0,0,0.0,1.0,0.0,1.0,1.0,0.0,0.0,1.0,0.0,0.0,0.02592237342904933,-0.08968408411123653
454,1,1,0,0.0,1.0,0.0,1.0,1.0,0.0,0.0,1.0,0.0,0.0,1.4207108243508415,1.145663540471827
455,0,0,0,0.0,1.0,1.0,0.0,0.0,0.0,1.0,0.0,0.0,1.0,0.07772971875708905,-0.4863374216869257
456,1,0,0,0.0,1.0,1.0,0.0,1.0,0.0,0.0,0.0,0.0,1.0,-0.04748754504051868,-0.4894421904510968
457,0,0,0,0.0,1.0,0.0,1.0,0.0,0.0,1.0,1.0,0.0,0.0,2.5952695198639293,-0.11384570873513637
458,1,1,0,1.0,0.0,0.0,1.0,0.0,0.0,1.0,1.0,0.0,0.0,1.0594864268813735,0.395813560675251
459,1,0,0,1.0,0.0,1.0,0.0,0.0,0.0,1.0,0.0,1.0,0.0,1.4941207428204095,-0.43700743807979686
460,0,0,0,0.0,1.0,1.0,0.0,0.0,1.0,0.0,0.0,0.0,1.0,0.41468840344952324,-0.49237782784290063
461,1,0,0,0.0,1.0,0.0,1.0,0.0,0.0,1.0,1.0,0.0,0.0,1.3473009058812735,-0.11384570873513637
462,0,0,0,0.0,1.0,1.0,0.0,0.0,0.0,1.0,0.0,0.0,1.0,0.31956204730732135,-0.4863374216869257
463,0,0,0,0.0,1.0,0.0,1.0,0.0,0.0,1.0,1.0,0.0,0.0,1.2738909874117055,0.12676380314453292
464,0,0,0,0.0,1.0,1.0,0.0,0.0,0.0,1.0,0.0,1.0,0.0,1.3473009058812735,-0.3866707201133388
465,0,0,0,0.0,1.0,1.0,0.0,0.0,0.0,1.0,0.0,0.0,1.0,0.07772971875708905,-0.4863374216869257
466,0,0,0,0.0,1.0,1.0,0.0,0.0,0.0,1.0,0.0,0.0,1.0,0.6132017211855934,-0.5064721088735089
467,0,0,0,0.0,1.0,1.0,0.0,0.0,0.0,1.0,0.0,1.0,0.0,0.39648916712696625,-0.6484216535389205
468,0,0,0,0.0,1.0,1.0,0.0,0.0,0.0,1.0,1.0,0.0,0.0,1.9345802536378176,-0.11384570873513637
469,0,0,0,0.0,1.0,1.0,0.0,0.0,1.0,0.0,0.0,0.0,1.0,-0.7158421922413775,-0.4928811950225652
470,1,2,1,1.0,0.0,1.0,0.0,1.0,0.0,0.0,0.0,0.0,1.0,-2.121317741805815,-0.26066180729354516
471,0,0,0,0.0,1.0,1.0,0.0,0.0,0.0,1.0,0.0,0.0,1.0,0.009977455026395656,-0.5024451714361923
472,0,0,0,0.0,1.0,1.0,0.0,0.0,0.0,1.0,0.0,0.0,1.0,0.6132017211855934,-0.47400492578514347
473,1,1,2,1.0,0.0,1.0,0.0,0.0,0.0,1.0,0.0,1.0,0.0,0.24615212883775336,-0.08968408411123653
474,1,0,0,1.0,0.0,0.0,1.0,1.0,0.0,0.0,0.0,1.0,0.0,-0.48794705585792675,-0.3707300882677209
475,0,0,0,1.0,0.0,1.0,0.0,0.0,0.0,1.0,0.0,0.0,1.0,-0.5613569743274948,-0.45034666834090825
476,0,0,0,0.0,1.0,0.0,1.0,0.0,0.0,1.0,1.0,0.0,0.0,1.1005341786533624,0.39858208016340624
477,0,1,0,0.0,1.0,1.0,0.0,0.0,0.0,1.0,0.0,1.0,0.0,0.31956204730732135,-0.22559322262067316
478,0,1,0,0.0,1.0,1.0,0.0,0.0,0.0,1.0,0.0,0.0,1.0,-0.04748754504051868,-0.5065566745596926
479,0,0,0,0.0,1.0,1.0,0.0,0.0,0.0,1.0,0.0,0.0,1.0,-0.5613569743274948,-0.4969926981460655
480,1,0,1,1.0,0.0,1.0,0.0,0.0,0.0,1.0,0.0,0.0,1.0,-2.029555343718855,-0.4010166847337793
481,0,5,2,0.0,1.0,1.0,0.0,0.0,0.0,1.0,0.0,0.0,1.0,-1.5156859144318788,0.2958951755118318
482,0,0,0,0.0,1.0,1.0,0.0,0.0,0.0,1.0,0.0,1.0,0.0,0.39648916712696625,-0.6484216535389205
483,0,0,0,0.0,1.0,1.0,0.0,0.0,0.0,1.0,0.0,0.0,1.0,1.4941207428204095,-0.4863374216869257
484,1,0,0,1.0,0.0,1.0,0.0,0.0,0.0,1.0,0.0,0.0,1.0,2.4484496829247933,-0.455380340137554
485,1,1,0,0.0,1.0,0.0,1.0,1.0,0.0,0.0,1.0,0.0,0.0,-0.3411272189187907,1.1854295476653287
486,0,3,1,1.0,0.0,1.0,0.0,0.0,0.0,1.0,0.0,0.0,1.0,-1.6386449921542299,-0.13565761536436197
487,1,1,0,1.0,0.0,0.0,1.0,0.0,0.0,1.0,1.0,0.0,0.0,0.39297196577688936,1.163700193253568
488,0,0,0,0.0,1.0,0.0,1.0,1.0,0.0,0.0,1.0,0.0,0.0,2.0814000905769534,-0.05042144409739929
489,0,0,0,0.0,1.0,1.0,0.0,0.0,0.0,1.0,0.0,0.0,1.0,0.02592237342904933,-0.4863374216869257
490,1,1,1,0.0,1.0,1.0,0.0,0.0,0.0,1.0,0.0,0.0,1.0,-1.5156859144318788,-0.32828012727224753
491,0,1,0,0.0,1.0,1.0,0.0,0.0,0.0,1.0,0.0,0.0,1.0,-0.4079135090125409,-0.2463983948905696
492,0,0,0,0.0,1.0,1.0,0.0,0.0,0.0,1.0,0.0,0.0,1.0,-0.6347668927970628,-0.5024451714361923
493,0,0,0,0.0,1.0,0.0,1.0,0.0,0.0,1.0,1.0,0.0,0.0,1.8611703351682496,-0.034313694348132716
494,0,0,0,0.0,1.0,1.0,0.0,1.0,0.0,0.0,1.0,0.0,0.0,3.0357290306813374,0.3483299278831318
495,0,0,0,0.0,1.0,1.0,0.0,0.0,0.0,1.0,0.0,0.0,1.0,-0.6347668927970628,-0.4863374216869257
496,0,0,0,0.0,1.0,1.0,0.0,1.0,0.0,0.0,0.0,0.0,1.0,-0.8402012578401845,-0.3573083057891445
497,1,1,0,1.0,0.0,0.0,1.0,1.0,0.0,0.0,1.0,0.0,0.0,1.7877604166986816,0.9274538680872313
498,0,0,0,0.0,1.0,1.0,0.0,0.0,0.0,1.0,0.0,0.0,1.0,-0.28517232196513403,-0.3443878770215141
499,0,1,2,1.0,0.0,0.0,1.0,0.0,0.0,1.0,1.0,0.0,0.0,-0.3411272189187907,2.4029901895877646
500,0,0,0,0.0,1.0,1.0,0.0,0.0,0.0,1.0,0.0,0.0,1.0,-0.41453713738835873,-0.49145565916975514
501,0,0,0,0.0,1.0,1.0,0.0,0.0,0.0,1.0,0.0,0.0,1.0,-0.9284065666753348,-0.47400492578514347
502,0,0,0,1.0,0.0,1.0,0.0,0.0,1.0,0.0,0.0,0.0,1.0,-0.6347668927970628,-0.49237782784290063
503,0,0,0,1.0,0.0,1.0,0.0,0.0,1.0,0.0,0.0,0.0,1.0,-0.20746737176381452,-0.4948100980550399
504,0,0,0,1.0,0.0,1.0,0.0,0.0,0.0,1.0,0.0,0.0,1.0,0.5397918027160253,-0.455380340137554
505,1,0,0,1.0,0.0,0.0,1.0,0.0,0.0,1.0,1.0,0.0,0.0,-1.0018164851449027,1.093228788100527
506,0,1,0,0.0,1.0,0.0,1.0,1.0,0.0,0.0,1.0,0.0,0.0,-0.8549966482057668,1.5442457810799908
507,1,0,2,1.0,0.0,1.0,0.0,0.0,0.0,1.0,0.0,1.0,0.0,0.24615212883775336,-0.12491978668775715
508,1,0,0,0.0,1.0,1.0,0.0,0.0,0.0,1.0,1.0,0.0,0.0,1.4867363878467905,-0.11384570873513637
509,0,0,0,0.0,1.0,1.0,0.0,0.0,0.0,1.0,0.0,0.0,1.0,-0.12089746351008669,-0.1948878246611338
510,1,0,0,0.0,1.0,1.0,0.0,0.0,0.0,1.0,0.0,0.0,1.0,-0.2677173004492227,0.48910360681684706
511,1,0,0,0.0,1.0,1.0,0.0,0.0,1.0,0.0,0.0,0.0,1.0,-0.04748754504051868,-0.49237782784290063
512,0,0,0,0.0,1.0,1.0,0.0,0.0,0.0,1.0,0.0,0.0,1.0,0.07772971875708905,-0.4863374216869257
513,1,0,0,0.0,1.0,0.0,1.0,0.0,0.0,1.0,1.0,0.0,0.0,0.4663818842464574,-0.11913106412161445
514,1,1,0,1.0,0.0,1.0,0.0,1.0,0.0,0.0,1.0,0.0,0.0,1.7877604166986816,0.5475787653441219
515,0,0,0,0.0,1.0,1.0,0.0,0.0,0.0,1.0,0.0,0.0,1.0,-0.41453713738835873,-0.4974960653257301
516,0,0,0,0.0,1.0,0.0,1.0,0.0,0.0,1.0,1.0,0.0,0.0,1.2738909874117055,0.036576512298389464
517,1,0,0,1.0,0.0,0.0,1.0,0.0,0.0,1.0,0.0,1.0,0.0,0.31956204730732135,-0.43700743807979686
518,0,0,0,0.0,1.0,1.0,0.0,0.0,1.0,0.0,0.0,0.0,1.0,0.33218233383266116,-0.1621689579829361
519,1,1,0,1.0,0.0,1.0,0.0,0.0,0.0,1.0,0.0,1.0,0.0,0.4663818842464574,-0.12491978668775715
520,0,0,0,0.0,1.0,1.0,0.0,0.0,0.0,1.0,0.0,0.0,1.0,0.17274221036818535,-0.4894421904510968
521,1,0,0,1.0,0.0,0.0,1.0,0.0,0.0,1.0,1.0,0.0,0.0,0.02592237342904933,1.2341715984066093
522,0,0,0,0.0,1.0,1.0,0.0,0.0,0.0,1.0,0.0,0.0,1.0,-0.5613569743274948,-0.4894421904510968
523,0,0,0,0.0,1.0,1.0,0.0,1.0,0.0,0.0,0.0,0.0,1.0,-0.009446147809904328,-0.5029485386158568
524,1,0,1,1.0,0.0,0.0,1.0,1.0,0.0,0.0,1.0,0.0,0.0,1.0536612320030014,0.5189714017894245
525,0,0,0,0.0,1.0,1.0,0.0,1.0,0.0,0.0,0.0,0.0,1.0,-0.4970273590419666,-0.5028639729296732
526,0,0,0,0.0,1.0,1.0,0.0,0.0,1.0,0.0,0.0,0.0,1.0,0.7967265173595134,-0.49237782784290063
527,1,0,0,1.0,0.0,1.0,0.0,0.0,0.0,1.0,0.0,1.0,0.0,1.4941207428204095,-0.43700743807979686
528,0,0,0,0.0,1.0,0.0,1.0,0.0,0.0,1.0,1.0,0.0,0.0,0.6510445341566523,3.817033162951754
529,0,0,0,0.0,1.0,1.0,0.0,0.0,0.0,1.0,0.0,0.0,1.0,0.6866116396551614,-0.4888542575852486
530,0,2,1,0.0,1.0,1.0,0.0,0.0,0.0,1.0,0.0,1.0,0.0,-0.48794705585792675,-0.41687275089321363
531,1,1,1,1.0,0.0,1.0,0.0,0.0,0.0,1.0,0.0,1.0,0.0,-2.029555343718855,-0.12491978668775715
532,0,0,0,0.0,1.0,1.0,0.0,1.0,0.0,0.0,0.0,0.0,1.0,-0.4970273590419666,-0.5028639729296732
533,0,1,1,0.0,1.0,1.0,0.0,1.0,0.0,0.0,0.0,0.0,1.0,-0.9284065666753348,-0.5028639729296732
534,1,0,2,1.0,0.0,1.0,0.0,1.0,0.0,0.0,0.0,0.0,1.0,-1.5894014890798365,-0.19824427701513722
535,0,0,0,1.0,0.0,1.0,0.0,0.0,0.0,1.0,0.0,0.0,1.0,0.02592237342904933,-0.47400492578514347
536,1,0,2,1.0,0.0,1.0,0.0,0.0,0.0,1.0,0.0,1.0,0.0,-1.6625057513710149,-0.11988611489111134
537,0,0,0,0.0,1.0,0.0,1.0,0.0,0.0,1.0,1.0,0.0,0.0,1.1270711504725694,-0.11384570873513637
538,1,0,0,1.0,0.0,1.0,0.0,1.0,0.0,0.0,1.0,0.0,0.0,0.02592237342904933,1.4944124302931971
539,0,0,0,0.0,1.0,1.0,0.0,0.0,0.0,1.0,0.0,0.0,1.0,-0.3898004200132063,-0.35646868933346404
540,1,0,2,1.0,0.0,0.0,1.0,1.0,0.0,0.0,1.0,0.0,0.0,-0.5613569743274948,0.3482453621969482
541,1,0,2,1.0,0.0,0.0,1.0,0.0,0.0,1.0,1.0,0.0,0.0,0.4663818842464574,0.7811411367084872
542,0,4,2,1.0,0.0,1.0,0.0,0.0,0.0,1.0,0.0,0.0,1.0,-1.5156859144318788,-0.01870931177853076
543,0,4,2,1.0,0.0,1.0,0.0,0.0,0.0,1.0,0.0,0.0,1.0,-1.3688660774927428,-0.01870931177853076
544,1,1,0,0.0,1.0,1.0,0.0,0.0,0.0,1.0,0.0,1.0,0.0,0.17274221036818535,-0.12491978668775715
545,0,1,0,0.0,1.0,0.0,1.0,1.0,0.0,0.0,1.0,0.0,0.0,1.4941207428204095,1.4944124302931971
546,0,0,0,0.0,1.0,1.0,0.0,0.0,0.0,1.0,1.0,0.0,0.0,2.5218596013943615,-0.12491978668775715
547,1,1,0,1.0,0.0,1.0,0.0,0.0,0.0,1.0,0.0,1.0,0.0,-0.7815867297361988,-0.12491978668775715
548,1,0,0,0.0,1.0,1.0,0.0,1.0,0.0,0.0,0.0,1.0,0.0,0.23048089383272158,-0.3693045524149108
549,0,1,1,0.0,1.0,1.0,0.0,0.0,0.0,1.0,0.0,0.0,1.0,0.24615212883775336,-0.2351571990343002
550,1,1,1,0.0,1.0,1.0,0.0,0.0,0.0,1.0,0.0,1.0,0.0,-1.5890958329014468,0.09152810056801232
551,1,0,2,0.0,1.0,0.0,1.0,1.0,0.0,0.0,1.0,0.0,0.0,-0.9284065666753348,1.5841789061771412
552,0,0,0,0.0,1.0,1.0,0.0,0.0,0.0,1.0,0.0,1.0,0.0,-0.1943073819796547,-0.12491978668775715
553,0,0,0,0.0,1.0,1.0,0.0,0.0,1.0,0.0,0.0,0.0,1.0,-0.2397169294660131,-0.49078316061772326
554,1,0,0,0.0,1.0,1.0,0.0,1.0,0.0,0.0,0.0,0.0,1.0,-0.5613569743274948,-0.5029485386158568
555,1,0,0,1.0,0.0,1.0,0.0,0.0,0.0,1.0,0.0,0.0,1.0,-0.5613569743274948,-0.4918744606632361
556,0,0,0,0.0,1.0,1.0,0.0,0.0,0.0,1.0,1.0,0.0,0.0,2.3750397644552255,-0.11384570873513637
557,1,1,0,1.0,0.0,0.0,1.0,1.0,0.0,0.0,1.0,0.0,0.0,1.3473009058812735,0.1489119590497745
558,0,0,0,0.0,1.0,1.0,0.0,1.0,0.0,0.0,1.0,0.0,0.0,0.6510445341566523,3.9327230485884233
559,1,1,1,1.0,0.0,0.0,1.0,0.0,0.0,1.0,1.0,0.0,0.0,0.6866116396551614,0.955306180872432
560,1,1,0,1.0,0.0,1.0,0.0,0.0,0.0,1.0,0.0,0.0,1.0,0.4663818842464574,-0.29807809649237277
561,0,0,0,0.0,1.0,1.0,0.0,0.0,1.0,0.0,0.0,0.0,1.0,0.41468840344952324,-0.49237782784290063
562,0,0,0,0.0,1.0,1.0,0.0,0.0,0.0,1.0,0.0,0.0,1.0,0.7600215581247294,-0.4894421904510968
563,0,0,0,0.0,1.0,1.0,0.0,0.0,0.0,1.0,0.0,1.0,0.0,-0.12089746351008669,-0.3766033765200472
564,0,0,0,0.0,1.0,1.0,0.0,0.0,0.0,1.0,0.0,0.0,1.0,0.07772971875708905,-0.4863374216869257
565,0,0,0,1.0,0.0,1.0,0.0,0.0,0.0,1.0,0.0,0.0,1.0,0.07772971875708905,-0.4863374216869257
566,0,2,0,0.0,1.0,1.0,0.0,0.0,0.0,1.0,0.0,0.0,1.0,-0.41453713738835873,-0.1621689579829361
567,0,0,0,0.0,1.0,1.0,0.0,0.0,0.0,1.0,0.0,0.0,1.0,-0.7815867297361988,-0.4894421904510968
568,0,0,4,1.0,0.0,1.0,0.0,0.0,0.0,1.0,0.0,0.0,1.0,-0.04748754504051868,-0.22408312108167944
569,0,0,0,0.0,1.0,1.0,0.0,1.0,0.0,0.0,0.0,0.0,1.0,-0.4970273590419666,-0.5028639729296732
570,1,0,0,0.0,1.0,1.0,0.0,0.0,0.0,1.0,0.0,0.0,1.0,0.17274221036818535,-0.4902797934380587
571,1,0,0,0.0,1.0,1.0,0.0,0.0,0.0,1.0,0.0,1.0,0.0,2.3750397644552255,-0.43700743807979686
572,1,2,0,1.0,0.0,0.0,1.0,0.0,0.0,1.0,1.0,0.0,0.0,1.7143504982291136,0.38809593507663365
573,1,0,0,0.0,1.0,0.0,1.0,0.0,0.0,1.0,1.0,0.0,0.0,0.4663818842464574,-0.11711759540295616
574,1,0,0,1.0,0.0,1.0,0.0,0.0,1.0,0.0,0.0,0.0,1.0,0.41468840344952324,-0.49237782784290063
575,0,0,0,0.0,1.0,1.0,0.0,0.0,0.0,1.0,0.0,0.0,1.0,-1.0018164851449027,-0.4863374216869257
576,0,0,0,0.0,1.0,1.0,0.0,0.0,0.0,1.0,0.0,0.0,1.0,-0.7815867297361988,-0.35646868933346404
577,1,0,0,1.0,0.0,1.0,0.0,0.0,0.0,1.0,0.0,1.0,0.0,0.31956204730732135,-0.3866707201133388
578,1,1,0,1.0,0.0,0.0,1.0,0.0,0.0,1.0,1.0,0.0,0.0,0.6866116396551614,0.4771073601910807
579,0,1,0,1.0,0.0,1.0,0.0,1.0,0.0,0.0,0.0,0.0,1.0,-0.7029753345445685,-0.3573083057891445
580,1,0,0,0.0,1.0,1.0,0.0,0.0,0.0,1.0,0.0,0.0,1.0,0.17274221036818535,-0.4888542575852486
581,1,1,1,1.0,0.0,1.0,0.0,0.0,0.0,1.0,0.0,1.0,0.0,-0.3411272189187907,-0.04438103794142432
582,1,1,1,1.0,0.0,0.0,1.0,1.0,0.0,0.0,1.0,0.0,0.0,0.6866116396551614,1.5841789061771412
583,0,0,0,0.0,1.0,1.0,0.0,0.0,0.0,1.0,0.0,1.0,0.0,1.7877604166986816,-0.12491978668775715
584,0,0,0,0.0,1.0,0.0,1.0,1.0,0.0,0.0,1.0,0.0,0.0,0.4663818842464574,0.15948266982273065
585,0,0,0,0.0,1.0,1.0,0.0,1.0,0.0,0.0,0.0,0.0,1.0,-0.044335421891935595,-0.47299819142581434
586,1,0,2,1.0,0.0,0.0,1.0,0.0,0.0,1.0,1.0,0.0,0.0,-0.8549966482057668,0.955306180872432
587,0,0,0,0.0,1.0,1.0,0.0,0.0,0.0,1.0,0.0,1.0,0.0,1.2738909874117055,-0.3464013457401724
588,1,1,1,0.0,1.0,0.0,1.0,1.0,0.0,0.0,1.0,0.0,0.0,2.2282199275160894,0.9462455716384695
589,0,0,0,0.0,1.0,1.0,0.0,0.0,0.0,1.0,0.0,0.0,1.0,-0.5613569743274948,-0.4863374216869257
590,0,0,0,0.0,1.0,1.0,0.0,0.0,0.0,1.0,0.0,0.0,1.0,0.07772971875708905,-0.4863374216869257
591,0,0,0,0.0,1.0,1.0,0.0,0.0,0.0,1.0,0.0,0.0,1.0,0.39297196577688936,-0.5049620073345151
592,1,1,0,1.0,0.0,0.0,1.0,1.0,0.0,0.0,1.0,0.0,0.0,1.6409405797595455,0.9274538680872313
593,0,0,0,0.0,1.0,1.0,0.0,0.0,0.0,1.0,0.0,0.0,1.0,1.2738909874117055,-0.5024451714361923
594,0,0,2,1.0,0.0,1.0,0.0,0.0,1.0,0.0,0.0,0.0,1.0,-0.15995930074832795,-0.49237782784290063
595,0,1,0,0.0,1.0,1.0,0.0,0.0,0.0,1.0,0.0,1.0,0.0,0.5397918027160253,-0.12491978668775715
596,0,1,1,0.0,1.0,1.0,0.0,0.0,0.0,1.0,0.0,0.0,1.0,0.4663818842464574,-0.1621689579829361
597,1,0,0,1.0,0.0,1.0,0.0,0.0,0.0,1.0,0.0,1.0,0.0,-0.3850828656762889,0.016023023618325298
598,0,0,0,0.0,1.0,1.0,0.0,0.0,0.0,1.0,0.0,0.0,1.0,1.4207108243508415,-0.6484216535389205
599,0,0,0,0.0,1.0,1.0,0.0,1.0,0.0,0.0,0.0,0.0,1.0,-0.009446147809904328,-0.5029485386158568
600,1,1,0,0.0,1.0,0.0,1.0,1.0,0.0,0.0,1.0,0.0,0.0,1.4207108243508415,0.49782998024351216
601,1,2,1,1.0,0.0,1.0,0.0,0.0,0.0,1.0,0.0,1.0,0.0,-0.41453713738835873,-0.10478509950117394
602,0,0,0,0.0,1.0,1.0,0.0,0.0,0.0,1.0,0.0,0.0,1.0,-0.12477305478502965,-0.4894421904510968
603,0,0,0,0.0,1.0,1.0,0.0,0.0,0.0,1.0,1.0,0.0,0.0,0.5748811319951579,0.2052890831722074
604,0,0,0,0.0,1.0,1.0,0.0,0.0,0.0,1.0,0.0,0.0,1.0,1.0536612320030014,-0.4863374216869257
605,1,0,0,0.0,1.0,1.0,0.0,1.0,0.0,0.0,1.0,0.0,0.0,0.39297196577688936,-0.11384570873513637
606,0,1,0,0.0,1.0,1.0,0.0,0.0,0.0,1.0,0.0,0.0,1.0,0.4663818842464574,-0.3353272677875516
607,0,0,0,0.0,1.0,1.0,0.0,0.0,0.0,1.0,0.0,0.0,1.0,0.02592237342904933,-0.4894421904510968
608,1,0,0,0.0,1.0,1.0,0.0,0.0,0.0,1.0,1.0,0.0,0.0,-0.1943073819796547,-0.034313694348132716
609,1,1,2,1.0,0.0,1.0,0.0,1.0,0.0,0.0,0.0,1.0,0.0,-0.5613569743274948,0.18876253192945994
610,1,0,0,1.0,0.0,0.0,1.0,0.0,0.0,1.0,1.0,0.0,0.0,0.7600215581247294,2.441497778832105
611,0,1,5,1.0,0.0,1.0,0.0,0.0,0.0,1.0,0.0,0.0,1.0,0.6866116396551614,-0.01870931177853076
612,0,0,0,0.0,1.0,1.0,0.0,0.0,0.0,1.0,0.0,0.0,1.0,-0.13053347062005471,-0.5064721088735089
613,1,1,0,1.0,0.0,1.0,0.0,0.0,1.0,0.0,0.0,0.0,1.0,0.25557199317890683,-0.3363340021468808
614,0,0,0,0.0,1.0,1.0,0.0,0.0,1.0,0.0,0.0,0.0,1.0,0.41468840344952324,-0.49237782784290063
615,0,0,0,0.0,1.0,1.0,0.0,0.0,0.0,1.0,0.0,0.0,1.0,0.39297196577688936,-0.4863374216869257
616,1,1,2,1.0,0.0,1.0,0.0,0.0,0.0,1.0,0.0,1.0,0.0,-0.41453713738835873,0.6603330135889879
617,0,1,1,0.0,1.0,1.0,0.0,0.0,0.0,1.0,0.0,0.0,1.0,0.31956204730732135,-0.35848215805212236
618,0,1,0,1.0,0.0,1.0,0.0,0.0,0.0,1.0,0.0,0.0,1.0,-0.2677173004492227,-0.32425318983493084
619,1,2,1,1.0,0.0,0.0,1.0,0.0,0.0,1.0,0.0,1.0,0.0,-1.882735506779719,0.13683114673782454
620,0,0,0,0.0,1.0,1.0,0.0,0.0,0.0,1.0,0.0,1.0,0.0,-0.2677173004492227,-0.43700743807979686
621,0,1,0,0.0,1.0,1.0,0.0,1.0,0.0,0.0,0.0,0.0,1.0,-0.1943073819796547,-0.3573908580066095
622,1,1,0,0.0,1.0,0.0,1.0,0.0,0.0,1.0,1.0,0.0,0.0,0.9068413950638654,0.40974072380221066
623,1,1,1,0.0,1.0,1.0,0.0,1.0,0.0,0.0,0.0,0.0,1.0,-0.7081768112666308,-0.33146744825388363
624,0,0,0,0.0,1.0,1.0,0.0,0.0,0.0,1.0,0.0,0.0,1.0,-0.6347668927970628,-0.4902797934380587
625,0,0,0,0.0,1.0,1.0,0.0,0.0,0.0,1.0,0.0,0.0,1.0,-0.6347668927970628,-0.32425318983493084
626,0,0,0,0.0,1.0,0.0,1.0,0.0,0.0,1.0,1.0,0.0,0.0,2.3016298459856577,0.002347544081197954
627,0,0,0,0.0,1.0,1.0,0.0,0.0,1.0,0.0,0.0,1.0,0.0,2.0079901721073856,-0.3997582667846179
628,1,0,0,1.0,0.0,0.0,1.0,0.0,0.0,1.0,1.0,0.0,0.0,-0.6347668927970628,0.921244330558889
629,0,0,0,0.0,1.0,1.0,0.0,0.0,0.0,1.0,0.0,0.0,1.0,-0.2677173004492227,-0.4894421904510968
630,0,0,0,0.0,1.0,1.0,0.0,0.0,1.0,0.0,0.0,0.0,1.0,-0.7158421922413775,-0.49271407711891657
631,1,0,0,0.0,1.0,0.0,1.0,0.0,0.0,1.0,1.0,0.0,0.0,3.6964182969074497,-0.04438103794142432
632,0,0,0,0.0,1.0,1.0,0.0,0.0,0.0,1.0,0.0,0.0,1.0,1.5675306612899775,-0.5063875431873253
633,1,0,0,0.0,1.0,0.0,1.0,1.0,0.0,0.0,1.0,0.0,0.0,0.17274221036818535,-0.034313694348132716
634,0,0,0,0.0,1.0,1.0,0.0,0.0,0.0,1.0,1.0,0.0,0.0,0.6744824739588314,-0.6484216535389205
635,0,3,2,1.0,0.0,1.0,0.0,0.0,0.0,1.0,0.0,0.0,1.0,-1.5156859144318788,-0.08666388103324908
636,1,0,0,1.0,0.0,1.0,0.0,0.0,0.0,1.0,0.0,1.0,0.0,-0.12089746351008669,-0.3866707201133388
637,0,0,0,0.0,1.0,1.0,0.0,0.0,0.0,1.0,0.0,0.0,1.0,0.17274221036818535,-0.4888542575852486
638,0,1,1,0.0,1.0,1.0,0.0,0.0,0.0,1.0,0.0,1.0,0.0,0.09933229189861734,-0.11988611489111134
639,0,0,5,1.0,0.0,1.0,0.0,0.0,0.0,1.0,0.0,0.0,1.0,0.8334314765942974,0.1506737441786005
640,0,1,0,0.0,1.0,1.0,0.0,0.0,0.0,1.0,0.0,0.0,1.0,-0.21712549789987273,-0.32425318983493084
641,0,0,0,0.0,1.0,1.0,0.0,0.0,0.0,1.0,0.0,0.0,1.0,-0.7081768112666308,-0.4902797934380587
642,1,0,0,1.0,0.0,0.0,1.0,1.0,0.0,0.0,1.0,0.0,0.0,-0.41453713738835873,0.7469121684912956
643,0,3,2,1.0,0.0,1.0,0.0,0.0,0.0,1.0,0.0,0.0,1.0,-2.029555343718855,-0.08666388103324908
644,1,0,0,0.0,1.0,1.0,0.0,0.0,0.0,1.0,0.0,0.0,1.0,-0.0057247827812533835,0.48910360681684706
645,1,2,1,1.0,0.0,1.0,0.0,1.0,0.0,0.0,0.0,0.0,1.0,-2.121317741805815,-0.26066180729354516
646,1,1,0,0.0,1.0,0.0,1.0,1.0,0.0,0.0,1.0,0.0,0.0,1.3473009058812735,0.8964967865378598
647,0,0,0,0.0,1.0,1.0,0.0,0.0,0.0,1.0,0.0,0.0,1.0,-0.7815867297361988,-0.4894421904510968
648,1,0,0,0.0,1.0,0.0,1.0,1.0,0.0,0.0,1.0,0.0,0.0,1.9345802536378176,0.06635974158478332
649,0,0,0,0.0,1.0,1.0,0.0,0.0,0.0,1.0,0.0,0.0,1.0,0.10728879095483763,-0.49640476528021726
650,1,0,0,1.0,0.0,1.0,0.0,0.0,0.0,1.0,0.0,0.0,1.0,-0.48794705585792675,-0.49640476528021726
651,0,0,0,0.0,1.0,1.0,0.0,0.0,0.0,1.0,0.0,0.0,1.0,-0.12477305478502965,-0.4894421904510968
652,1,0,1,1.0,0.0,1.0,0.0,0.0,0.0,1.0,0.0,1.0,0.0,-0.8549966482057668,-0.18532384824750675
653,0,0,0,0.0,1.0,1.0,0.0,0.0,0.0,1.0,0.0,0.0,1.0,-0.6347668927970628,-0.47861979608830835
654,1,0,0,1.0,0.0,1.0,0.0,0.0,1.0,0.0,0.0,0.0,1.0,-0.2397169294660131,-0.49078316061772326
655,0,0,0,1.0,0.0,1.0,0.0,0.0,1.0,0.0,0.0,0.0,1.0,-0.8549966482057668,-0.5125125150294839
656,0,2,0,0.0,1.0,1.0,0.0,0.0,0.0,1.0,0.0,1.0,0.0,-0.41453713738835873,0.8314778546749452
657,0,0,0,0.0,1.0,1.0,0.0,0.0,0.0,1.0,0.0,0.0,1.0,-0.12477305478502965,-0.4894421904510968
658,0,1,1,1.0,0.0,1.0,0.0,0.0,1.0,0.0,0.0,0.0,1.0,0.17274221036818535,-0.3363340021468808
659,0,0,0,0.0,1.0,1.0,0.0,0.0,0.0,1.0,0.0,1.0,0.0,-0.48794705585792675,-0.3866707201133388
660,0,0,2,0.0,1.0,0.0,1.0,1.0,0.0,0.0,1.0,0.0,0.0,2.0814000905769534,1.6323350375212924
661,1,2,0,0.0,1.0,1.0,0.0,0.0,0.0,1.0,1.0,0.0,0.0,1.4941207428204095,2.042579288947925
662,0,0,0,0.0,1.0,1.0,0.0,1.0,0.0,0.0,0.0,0.0,1.0,0.7600215581247294,-0.5029485386158568
663,0,0,0,0.0,1.0,0.0,1.0,0.0,0.0,1.0,1.0,0.0,0.0,1.2738909874117055,-0.13322534515222276
664,0,0,0,0.0,1.0,1.0,0.0,0.0,0.0,1.0,0.0,0.0,1.0,0.4663818842464574,-0.4974960653257301
665,1,1,0,0.0,1.0,1.0,0.0,0.0,0.0,1.0,0.0,0.0,1.0,-0.7081768112666308,-0.4888542575852486
666,0,2,0,0.0,1.0,1.0,0.0,0.0,0.0,1.0,0.0,1.0,0.0,0.17274221036818535,0.8314778546749452
667,0,0,0,0.0,1.0,1.0,0.0,0.0,0.0,1.0,0.0,1.0,0.0,-0.3411272189187907,-0.3866707201133388
668,0,0,0,0.0,1.0,1.0,0.0,0.0,0.0,1.0,0.0,0.0,1.0,-0.15646792656895966,-0.4918744606632361
669,0,0,0,0.0,1.0,1.0,0.0,0.0,0.0,1.0,0.0,0.0,1.0,0.9802513135334334,-0.4863374216869257
670,1,1,0,1.0,0.0,0.0,1.0,0.0,0.0,1.0,1.0,0.0,0.0,0.6930847896153081,0.39858208016340624
671,1,1,1,1.0,0.0,1.0,0.0,0.0,0.0,1.0,0.0,1.0,0.0,0.7600215581247294,0.13683114673782454
672,0,1,0,0.0,1.0,0.0,1.0,0.0,0.0,1.0,1.0,0.0,0.0,0.09933229189861734,0.39858208016340624
673,0,0,0,0.0,1.0,1.0,0.0,0.0,0.0,1.0,0.0,1.0,0.0,2.9623191122117696,-0.43700743807979686
674,1,0,0,0.0,1.0,1.0,0.0,0.0,0.0,1.0,0.0,1.0,0.0,0.09933229189861734,-0.3866707201133388
675,0,0,0,0.0,1.0,1.0,0.0,0.0,0.0,1.0,0.0,1.0,0.0,0.39648916712696625,-0.6484216535389205
676,0,0,0,0.0,1.0,1.0,0.0,0.0,0.0,1.0,0.0,0.0,1.0,-0.8549966482057668,-0.4918744606632361
677,0,0,0,0.0,1.0,1.0,0.0,0.0,0.0,1.0,0.0,0.0,1.0,-0.3778321781535747,-0.4863374216869257
678,1,0,0,1.0,0.0,1.0,0.0,0.0,0.0,1.0,0.0,0.0,1.0,-0.8549966482057668,-0.45026210265472455
679,0,1,6,1.0,0.0,1.0,0.0,0.0,0.0,1.0,0.0,0.0,1.0,0.9802513135334334,0.2958951755118318
680,1,0,1,0.0,1.0,0.0,1.0,1.0,0.0,0.0,1.0,0.0,0.0,0.4663818842464574,9.667166525013505
681,0,0,0,1.0,0.0,1.0,0.0,0.0,1.0,0.0,0.0,0.0,1.0,-0.45297219297791985,-0.48457563655809965
682,1,0,0,0.0,1.0,0.0,1.0,1.0,0.0,0.0,1.0,0.0,0.0,-0.1943073819796547,0.8964967865378598
683,0,0,0,0.0,1.0,1.0,0.0,0.0,0.0,1.0,0.0,0.0,1.0,-0.7081768112666308,-0.4626791642426904
684,0,5,2,0.0,1.0,1.0,0.0,0.0,0.0,1.0,0.0,0.0,1.0,-1.1486363220840388,0.2958951755118318
685,0,1,1,0.0,1.0,1.0,0.0,0.0,0.0,1.0,0.0,1.0,0.0,2.2282199275160894,0.13683114673782454
686,0,1,2,0.0,1.0,1.0,0.0,1.0,0.0,0.0,0.0,1.0,0.0,-0.3411272189187907,0.18876253192945994
687,0,4,1,0.0,1.0,1.0,0.0,0.0,0.0,1.0,0.0,0.0,1.0,-1.1486363220840388,0.1506737441786005
688,0,0,0,0.0,1.0,1.0,0.0,0.0,0.0,1.0,0.0,0.0,1.0,-0.7815867297361988,-0.44363577710162005
689,0,0,0,0.0,1.0,1.0,0.0,0.0,0.0,1.0,0.0,0.0,1.0,-0.8549966482057668,-0.49145565916975514
690,1,0,1,1.0,0.0,0.0,1.0,0.0,0.0,1.0,1.0,0.0,0.0,-1.0752264036144707,3.6067927997556075
691,1,1,0,0.0,1.0,0.0,1.0,0.0,0.0,1.0,1.0,0.0,0.0,0.09933229189861734,0.49925551609632224
692,1,0,1,1.0,0.0,1.0,0.0,1.0,0.0,0.0,0.0,0.0,1.0,-1.882735506779719,-0.37828059596268965
693,1,0,0,0.0,1.0,1.0,0.0,0.0,0.0,1.0,0.0,0.0,1.0,-0.0057247827812533835,0.48910360681684706
694,0,0,0,0.0,1.0,1.0,0.0,1.0,0.0,0.0,0.0,0.0,1.0,-0.3411272189187907,-0.5029485386158568
695,0,0,0,0.0,1.0,1.0,0.0,0.0,0.0,1.0,1.0,0.0,0.0,2.2282199275160894,-0.11384570873513637
696,0,0,0,0.0,1.0,1.0,0.0,0.0,0.0,1.0,0.0,1.0,0.0,1.6409405797595455,-0.3766033765200472
697,0,0,0,0.0,1.0,1.0,0.0,0.0,0.0,1.0,0.0,0.0,1.0,1.0536612320030014,-0.4863374216869257
698,1,0,0,1.0,0.0,1.0,0.0,0.0,1.0,0.0,0.0,0.0,1.0,-0.7158421922413775,-0.49271407711891657
699,0,1,1,0.0,1.0,0.0,1.0,1.0,0.0,0.0,1.0,0.0,0.0,1.4207108243508415,1.5841789061771412
700,0,0,0,0.0,1.0,0.0,1.0,0.0,0.0,1.0,0.0,0.0,1.0,0.9068413950638654,-0.494391296561559
701,1,1,0,1.0,0.0,0.0,1.0,1.0,0.0,0.0,1.0,0.0,0.0,-0.8549966482057668,3.9327230485884233
702,1,0,0,0.0,1.0,0.0,1.0,0.0,0.0,1.0,1.0,0.0,0.0,0.39297196577688936,-0.11913106412161445
703,0,0,1,1.0,0.0,1.0,0.0,1.0,0.0,0.0,0.0,0.0,1.0,-0.8549966482057668,-0.3573908580066095
704,0,0,0,0.0,1.0,1.0,0.0,0.0,1.0,0.0,0.0,0.0,1.0,-0.3411272189187907,-0.4925449457465493
705,0,1,0,0.0,1.0,1.0,0.0,0.0,0.0,1.0,0.0,0.0,1.0,-0.2677173004492227,-0.4902797934380587
706,0,0,0,0.0,1.0,1.0,0.0,0.0,0.0,1.0,0.0,1.0,0.0,0.6866116396551614,-0.12491978668775715
707,1,0,0,1.0,0.0,1.0,0.0,0.0,0.0,1.0,0.0,1.0,0.0,1.1270711504725694,-0.3766033765200472
708,1,0,0,0.0,1.0,0.0,1.0,0.0,0.0,1.0,1.0,0.0,0.0,0.9068413950638654,-0.11913106412161445
709,1,0,0,1.0,0.0,1.0,0.0,0.0,0.0,1.0,1.0,0.0,0.0,-0.5613569743274948,2.4029901895877646
710,1,1,1,0.0,1.0,1.0,0.0,1.0,0.0,0.0,0.0,0.0,1.0,-0.9217813739691123,-0.3414522396297103
711,1,0,0,1.0,0.0,0.0,1.0,1.0,0.0,0.0,1.0,0.0,0.0,-0.41453713738835873,0.3483299278831318
712,0,0,0,0.0,1.0,0.0,1.0,0.0,0.0,1.0,1.0,0.0,0.0,1.4867363878467905,-0.11384570873513637
713,1,1,0,0.0,1.0,0.0,1.0,0.0,0.0,1.0,1.0,0.0,0.0,1.3473009058812735,0.39858208016340624
714,0,0,0,0.0,1.0,1.0,0.0,0.0,0.0,1.0,0.0,0.0,1.0,-0.04748754504051868,-0.457478374542396
715,0,0,0,0.0,1.0,1.0,0.0,0.0,0.0,1.0,0.0,1.0,0.0,1.6409405797595455,-0.3866707201133388
716,0,0,0,0.0,1.0,0.0,1.0,0.0,0.0,1.0,0.0,0.0,1.0,-0.7815867297361988,-0.494391296561559
717,1,0,0,1.0,0.0,0.0,1.0,1.0,0.0,0.0,1.0,0.0,0.0,0.6132017211855934,3.9327230485884233
718,1,0,0,1.0,0.0,0.0,1.0,0.0,0.0,1.0,0.0,1.0,0.0,-0.1943073819796547,-0.43700743807979686
719,0,0,0,0.0,1.0,1.0,0.0,0.0,1.0,0.0,0.0,0.0,1.0,-0.17163297352239557,-0.3363340021468808
720,0,0,0,0.0,1.0,1.0,0.0,0.0,0.0,1.0,0.0,0.0,1.0,0.24615212883775336,-0.4918744606632361
721,1,0,1,1.0,0.0,1.0,0.0,0.0,0.0,1.0,0.0,1.0,0.0,-1.7359156698405829,0.016023023618325298
722,0,1,0,0.0,1.0,1.0,0.0,0.0,0.0,1.0,0.0,0.0,1.0,-0.9284065666753348,-0.5063875431873253
723,0,0,0,0.0,1.0,1.0,0.0,0.0,0.0,1.0,0.0,1.0,0.0,0.31956204730732135,-0.3866707201133388
724,0,0,0,0.0,1.0,1.0,0.0,0.0,0.0,1.0,0.0,1.0,0.0,1.4941207428204095,-0.3866707201133388
725,1,1,0,0.0,1.0,0.0,1.0,0.0,0.0,1.0,1.0,0.0,0.0,-0.1943073819796547,0.4207302360686478
726,0,0,0,0.0,1.0,1.0,0.0,0.0,0.0,1.0,0.0,0.0,1.0,-0.7081768112666308,-0.47400492578514347
727,1,3,0,1.0,0.0,1.0,0.0,0.0,0.0,1.0,0.0,1.0,0.0,0.02592237342904933,-0.22559322262067316
728,1,0,0,1.0,0.0,1.0,0.0,0.0,1.0,0.0,0.0,0.0,1.0,-0.7158421922413775,-0.4926295114327329
729,0,1,0,0.0,1.0,1.0,0.0,0.0,0.0,1.0,0.0,1.0,0.0,-0.3411272189187907,-0.12491978668775715
730,0,1,0,1.0,0.0,1.0,0.0,0.0,0.0,1.0,0.0,0.0,1.0,-0.3411272189187907,-0.4888542575852486
731,1,0,0,1.0,0.0,0.0,1.0,0.0,0.0,1.0,1.0,0.0,0.0,-0.04748754504051868,3.6067927997556075
732,0,0,0,0.0,1.0,1.0,0.0,1.0,0.0,0.0,0.0,0.0,1.0,-1.3688660774927428,-0.2701412180209885
733,0,0,0,0.0,1.0,1.0,0.0,0.0,0.0,1.0,0.0,1.0,0.0,0.39648916712696625,-0.6484216535389205
734,0,0,0,0.0,1.0,1.0,0.0,0.0,0.0,1.0,0.0,1.0,0.0,-0.48794705585792675,-0.3866707201133388
735,0,0,0,0.0,1.0,1.0,0.0,0.0,0.0,1.0,0.0,1.0,0.0,-0.48794705585792675,-0.3866707201133388
736,0,0,0,0.0,1.0,1.0,0.0,0.0,0.0,1.0,0.0,0.0,1.0,-0.08419250427530268,-0.32425318983493084
737,0,1,3,1.0,0.0,1.0,0.0,0.0,0.0,1.0,0.0,0.0,1.0,1.3473009058812735,0.04370821849987721
738,1,0,0,0.0,1.0,0.0,1.0,1.0,0.0,0.0,1.0,0.0,0.0,0.39297196577688936,9.667166525013505
739,0,0,0,0.0,1.0,1.0,0.0,0.0,0.0,1.0,0.0,0.0,1.0,-0.12477305478502965,-0.4894421904510968
740,0,0,0,0.0,1.0,1.0,0.0,0.0,0.0,1.0,0.0,0.0,1.0,-0.12477305478502965,-0.4894421904510968
741,1,0,0,0.0,1.0,0.0,1.0,0.0,0.0,1.0,1.0,0.0,0.0,0.6445207231838785,-0.04438103794142432
742,0,1,0,0.0,1.0,0.0,1.0,0.0,0.0,1.0,1.0,0.0,0.0,0.4663818842464574,0.9391984311231651
743,1,2,2,1.0,0.0,0.0,1.0,1.0,0.0,0.0,1.0,0.0,0.0,-0.6347668927970628,4.634416897040849
744,0,1,0,0.0,1.0,1.0,0.0,0.0,0.0,1.0,0.0,0.0,1.0,-0.41453713738835873,-0.32425318983493084
745,1,0,0,0.0,1.0,1.0,0.0,0.0,0.0,1.0,0.0,0.0,1.0,0.09933229189861734,-0.4888542575852486
746,0,1,1,0.0,1.0,0.0,1.0,0.0,0.0,1.0,1.0,0.0,0.0,2.9623191122117696,0.7811411367084872
747,0,1,1,0.0,1.0,1.0,0.0,0.0,0.0,1.0,0.0,0.0,1.0,-1.0018164851449027,-0.24069423801061057
748,1,0,0,1.0,0.0,1.0,0.0,0.0,0.0,1.0,0.0,1.0,0.0,0.02592237342904933,-0.3866707201133388
749,0,1,0,0.0,1.0,0.0,1.0,0.0,0.0,1.0,1.0,0.0,0.0,-0.7815867297361988,0.4207302360686478
750,0,0,0,0.0,1.0,1.0,0.0,0.0,1.0,0.0,0.0,0.0,1.0,0.09933229189861734,-0.49237782784290063
751,1,1,1,1.0,0.0,1.0,0.0,0.0,0.0,1.0,0.0,1.0,0.0,-1.882735506779719,-0.18532384824750675
752,1,0,1,0.0,1.0,0.0,1.0,0.0,0.0,1.0,0.0,0.0,1.0,-1.7359156698405829,-0.397241430886295
753,0,0,0,0.0,1.0,1.0,0.0,0.0,0.0,1.0,0.0,0.0,1.0,0.24615212883775336,-0.45714212526638004
754,0,0,0,0.0,1.0,1.0,0.0,0.0,0.0,1.0,0.0,0.0,1.0,-0.48794705585792675,-0.4894421904510968
755,1,1,2,1.0,0.0,1.0,0.0,0.0,0.0,1.0,0.0,1.0,0.0,1.3473009058812735,0.6603330135889879
756,1,1,1,0.0,1.0,1.0,0.0,0.0,0.0,1.0,0.0,1.0,0.0,-2.1271905352833804,-0.35646868933346404
757,0,0,0,0.0,1.0,1.0,0.0,0.0,0.0,1.0,0.0,0.0,1.0,-0.12089746351008669,-0.49145565916975514
758,0,0,0,0.0,1.0,1.0,0.0,0.0,0.0,1.0,0.0,1.0,0.0,-0.8549966482057668,-0.41687275089321363
759,0,0,0,0.0,1.0,1.0,0.0,0.0,0.0,1.0,0.0,0.0,1.0,0.31956204730732135,-0.4863374216869257
760,1,0,0,1.0,0.0,0.0,1.0,0.0,0.0,1.0,1.0,0.0,0.0,0.24615212883775336,1.093228788100527
761,0,0,0,0.0,1.0,1.0,0.0,0.0,0.0,1.0,0.0,0.0,1.0,-0.3898004200132063,-0.35646868933346404
762,0,0,0,0.0,1.0,1.0,0.0,0.0,0.0,1.0,0.0,0.0,1.0,0.8334314765942974,-0.5049620073345151
763,1,0,0,0.0,1.0,1.0,0.0,1.0,0.0,0.0,0.0,0.0,1.0,-0.7081768112666308,-0.5028639729296732
764,1,1,2,1.0,0.0,0.0,1.0,0.0,0.0,1.0,1.0,0.0,0.0,0.4663818842464574,1.7677408088510642
765,0,0,0,0.0,1.0,1.0,0.0,0.0,0.0,1.0,0.0,0.0,1.0,-1.0018164851449027,-0.4918744606632361
766,1,1,0,1.0,0.0,0.0,1.0,0.0,0.0,1.0,1.0,0.0,0.0,1.5675306612899775,0.921244330558889
767,0,0,0,0.0,1.0,1.0,0.0,1.0,0.0,0.0,1.0,0.0,0.0,0.6962823477004073,0.1489119590497745
768,0,0,0,1.0,0.0,1.0,0.0,0.0,1.0,0.0,0.0,0.0,1.0,0.06262733266383333,-0.49237782784290063
769,0,1,0,0.0,1.0,1.0,0.0,0.0,1.0,0.0,0.0,0.0,1.0,0.286025098657061,-0.1621689579829361
770,0,0,0,0.0,1.0,1.0,0.0,0.0,0.0,1.0,0.0,0.0,1.0,0.17274221036818535,-0.4800453319411184
771,0,0,0,0.0,1.0,1.0,0.0,0.0,0.0,1.0,0.0,0.0,1.0,-0.41453713738835873,-0.45714212526638004
772,0,0,0,0.0,1.0,1.0,0.0,0.0,0.0,1.0,0.0,0.0,1.0,1.3473009058812735,-0.4902797934380587
773,0,0,0,1.0,0.0,0.0,1.0,0.0,0.0,1.0,0.0,1.0,0.0,2.0079901721073856,-0.43700743807979686
774,0,0,0,0.0,1.0,1.0,0.0,1.0,0.0,0.0,0.0,0.0,1.0,-0.009446147809904328,-0.5029485386158568
775,1,1,3,1.0,0.0,1.0,0.0,0.0,0.0,1.0,0.0,1.0,0.0,1.7877604166986816,-0.18532384824750675
776,0,0,0,0.0,1.0,1.0,0.0,0.0,0.0,1.0,0.0,0.0,1.0,-0.8549966482057668,-0.49237782784290063
777,0,0,0,0.0,1.0,0.0,1.0,0.0,1.0,0.0,0.0,0.0,1.0,0.41468840344952324,-0.49237782784290063
778,1,0,0,1.0,0.0,1.0,0.0,0.0,0.0,1.0,0.0,0.0,1.0,-1.809325588310151,-0.397241430886295
779,0,0,0,0.0,1.0,1.0,0.0,0.0,1.0,0.0,0.0,0.0,1.0,-0.7158421922413775,-0.4926295114327329
780,1,0,1,1.0,0.0,0.0,1.0,0.0,0.0,1.0,1.0,0.0,0.0,0.9802513135334334,3.6067927997556075
781,1,0,0,1.0,0.0,1.0,0.0,1.0,0.0,0.0,0.0,0.0,1.0,-1.2220462405536068,-0.5028639729296732
782,1,1,0,1.0,0.0,0.0,1.0,0.0,0.0,1.0,1.0,0.0,0.0,-0.9284065666753348,0.49925551609632224
783,0,0,0,0.0,1.0,0.0,1.0,0.0,0.0,1.0,1.0,0.0,0.0,-0.04748754504051868,-0.04438103794142432
784,0,1,2,0.0,1.0,1.0,0.0,0.0,0.0,1.0,0.0,0.0,1.0,-0.9924236715112611,-0.17626323901354432
785,0,0,0,0.0,1.0,1.0,0.0,0.0,0.0,1.0,0.0,0.0,1.0,-0.3411272189187907,-0.5064721088735089
786,0,0,0,0.0,1.0,1.0,0.0,0.0,0.0,1.0,0.0,0.0,1.0,-0.3411272189187907,-0.5024451714361923
787,1,0,0,1.0,0.0,1.0,0.0,0.0,0.0,1.0,0.0,0.0,1.0,-0.8549966482057668,-0.4974960653257301
788,0,4,1,0.0,1.0,1.0,0.0,0.0,1.0,0.0,0.0,0.0,1.0,-1.5890958329014468,-0.06199888922968463
789,1,1,2,0.0,1.0,1.0,0.0,0.0,0.0,1.0,0.0,0.0,1.0,-2.1029652621884227,-0.23415046467497105
790,0,0,0,0.0,1.0,0.0,1.0,1.0,0.0,0.0,1.0,0.0,0.0,1.2004810689421375,0.9462455716384695
791,0,0,0,0.0,1.0,1.0,0.0,0.0,1.0,0.0,0.0,0.0,1.0,0.41468840344952324,-0.49237782784290063
792,0,0,0,0.0,1.0,1.0,0.0,0.0,0.0,1.0,0.0,1.0,0.0,-1.0018164851449027,-0.12491978668775715
793,0,8,2,1.0,0.0,1.0,0.0,0.0,0.0,1.0,0.0,0.0,1.0,-1.3784191335949352,0.7519458402879414
794,0,0,0,0.0,1.0,1.0,0.0,1.0,0.0,0.0,1.0,0.0,0.0,1.522257609926055,-0.030371322596999754
795,0,0,0,0.0,1.0,1.0,0.0,0.0,0.0,1.0,0.0,0.0,1.0,-0.3411272189187907,-0.4894421904510968
796,0,0,0,0.0,1.0,1.0,0.0,0.0,0.0,1.0,0.0,1.0,0.0,0.6866116396551614,-0.3866707201133388
797,1,0,0,1.0,0.0,0.0,1.0,0.0,0.0,1.0,1.0,0.0,0.0,1.4207108243508415,-0.1263453225405672
798,1,0,0,1.0,0.0,1.0,0.0,0.0,0.0,1.0,0.0,0.0,1.0,0.09933229189861734,-0.4735861242916626
799,0,0,0,0.0,1.0,1.0,0.0,1.0,0.0,0.0,0.0,0.0,1.0,0.02592237342904933,-0.5028639729296732
800,0,1,1,1.0,0.0,1.0,0.0,0.0,0.0,1.0,0.0,0.0,1.0,0.02592237342904933,-0.1621689579829361
801,0,0,0,0.0,1.0,1.0,0.0,0.0,0.0,1.0,0.0,1.0,0.0,0.31956204730732135,-0.3866707201133388
802,1,1,1,1.0,0.0,1.0,0.0,0.0,0.0,1.0,0.0,1.0,0.0,0.09933229189861734,-0.11988611489111134
803,1,1,2,0.0,1.0,0.0,1.0,0.0,0.0,1.0,1.0,0.0,0.0,-1.3688660774927428,1.7677408088510642
804,1,0,1,0.0,1.0,1.0,0.0,1.0,0.0,0.0,0.0,0.0,1.0,-2.145543014900772,-0.47694056317694733
805,1,0,0,0.0,1.0,1.0,0.0,0.0,0.0,1.0,0.0,0.0,1.0,-0.1943073819796547,-0.5079822104125026
806,0,0,0,0.0,1.0,1.0,0.0,0.0,0.0,1.0,0.0,0.0,1.0,0.09933229189861734,-0.4918744606632361
807,0,0,0,0.0,1.0,0.0,1.0,0.0,0.0,1.0,1.0,0.0,0.0,0.6866116396551614,-0.6484216535389205
808,0,0,0,1.0,0.0,1.0,0.0,0.0,0.0,1.0,0.0,0.0,1.0,-0.8549966482057668,-0.4918744606632361
809,0,0,0,0.0,1.0,1.0,0.0,0.0,0.0,1.0,0.0,1.0,0.0,0.6866116396551614,-0.3866707201133388
810,1,1,0,1.0,0.0,0.0,1.0,0.0,0.0,1.0,1.0,0.0,0.0,0.24615212883775336,0.4207302360686478
811,0,0,0,0.0,1.0,1.0,0.0,0.0,0.0,1.0,0.0,0.0,1.0,-0.2677173004492227,-0.4896093083547455
812,0,0,0,0.0,1.0,1.0,0.0,0.0,0.0,1.0,0.0,0.0,1.0,0.6866116396551614,-0.1621689579829361
813,0,0,0,0.0,1.0,1.0,0.0,0.0,0.0,1.0,0.0,1.0,0.0,0.39297196577688936,-0.43700743807979686
814,0,4,2,1.0,0.0,1.0,0.0,0.0,0.0,1.0,0.0,0.0,1.0,-1.7359156698405829,-0.01870931177853076
815,0,0,0,0.0,1.0,1.0,0.0,0.0,0.0,1.0,0.0,0.0,1.0,0.06262733266383333,-0.4863374216869257
816,0,0,0,0.0,1.0,0.0,1.0,0.0,0.0,1.0,1.0,0.0,0.0,0.6744824739588314,-0.6484216535389205
817,0,0,0,1.0,0.0,1.0,0.0,0.0,0.0,1.0,0.0,0.0,1.0,-0.48794705585792675,-0.4888542575852486
818,0,1,1,0.0,1.0,1.0,0.0,1.0,0.0,0.0,0.0,1.0,0.0,0.09933229189861734,0.09664633805084172
819,0,0,0,0.0,1.0,1.0,0.0,0.0,0.0,1.0,0.0,0.0,1.0,0.9802513135334334,-0.5185529211854588
820,0,3,2,0.0,1.0,1.0,0.0,0.0,0.0,1.0,0.0,0.0,1.0,-1.4422759959623108,-0.08666388103324908
821,1,1,1,1.0,0.0,0.0,1.0,0.0,0.0,1.0,1.0,0.0,0.0,1.6409405797595455,1.2341715984066093
822,1,0,0,0.0,1.0,1.0,0.0,0.0,0.0,1.0,0.0,0.0,1.0,-0.1943073819796547,-0.47400492578514347
823,0,0,0,0.0,1.0,1.0,0.0,0.0,0.0,1.0,1.0,0.0,0.0,0.6132017211855934,-0.6484216535389205
824,1,0,1,1.0,0.0,0.0,1.0,0.0,0.0,1.0,0.0,0.0,1.0,-0.1943073819796547,-0.397241430886295
825,0,4,1,0.0,1.0,1.0,0.0,0.0,0.0,1.0,0.0,0.0,1.0,-2.029555343718855,0.1506737441786005
826,0,0,0,0.0,1.0,1.0,0.0,0.0,1.0,0.0,0.0,0.0,1.0,0.40038890284906486,-0.5084855775921673
827,0,0,0,0.0,1.0,1.0,0.0,0.0,0.0,1.0,0.0,0.0,1.0,-0.0057247827812533835,0.48910360681684706
828,1,0,2,0.0,1.0,1.0,0.0,1.0,0.0,0.0,0.0,1.0,0.0,-2.1029652621884227,0.09664633805084172
829,1,0,0,0.0,1.0,1.0,0.0,0.0,1.0,0.0,0.0,0.0,1.0,0.41468840344952324,-0.49237782784290063
830,1,0,0,1.0,0.0,0.0,1.0,0.0,0.0,0.0,1.0,0.0,0.0,2.3750397644552255,0.962353321387736
831,1,1,0,1.0,0.0,1.0,0.0,1.0,0.0,0.0,0.0,0.0,1.0,-1.0752264036144707,-0.3573908580066095
832,1,1,1,0.0,1.0,1.0,0.0,0.0,0.0,1.0,0.0,1.0,0.0,-2.11544494832825,-0.2708962687904854
833,0,0,0,0.0,1.0,1.0,0.0,1.0,0.0,0.0,0.0,0.0,1.0,-0.4970273590419666,-0.5028639729296732
834,0,0,0,0.0,1.0,1.0,0.0,0.0,0.0,1.0,0.0,0.0,1.0,-0.48794705585792675,-0.4902797934380587
835,0,0,0,0.0,1.0,1.0,0.0,0.0,0.0,1.0,0.0,0.0,1.0,-0.8549966482057668,-0.48130374989027985
836,1,1,1,1.0,0.0,0.0,1.0,1.0,0.0,0.0,1.0,0.0,0.0,0.6866116396551614,1.0259447039291216
837,0,0,0,0.0,1.0,1.0,0.0,0.0,0.0,1.0,0.0,0.0,1.0,-0.6347668927970628,-0.47400492578514347
838,0,0,0,0.0,1.0,1.0,0.0,0.0,0.0,1.0,0.0,0.0,1.0,0.07772971875708905,-0.4863374216869257
839,1,0,0,0.0,1.0,1.0,0.0,0.0,0.0,1.0,0.0,0.0,1.0,0.17274221036818535,0.48910360681684706
840,1,0,0,0.0,1.0,0.0,1.0,1.0,0.0,0.0,1.0,0.0,0.0,1.5557762569350089,-0.05042144409739929
841,0,0,0,0.0,1.0,1.0,0.0,0.0,0.0,1.0,0.0,0.0,1.0,-0.7081768112666308,-0.4888542575852486
842,0,0,0,0.0,1.0,1.0,0.0,0.0,0.0,1.0,0.0,1.0,0.0,-1.0018164851449027,-0.43700743807979686
843,1,0,0,1.0,0.0,1.0,0.0,1.0,0.0,0.0,1.0,0.0,0.0,0.02592237342904933,-0.024246350754841113
844,0,0,0,0.0,1.0,1.0,0.0,1.0,0.0,0.0,0.0,0.0,1.0,0.35626700654210536,-0.5188046047752911
845,0,0,0,0.0,1.0,1.0,0.0,0.0,0.0,1.0,0.0,0.0,1.0,-0.9284065666753348,-0.47400492578514347
846,0,0,0,0.0,1.0,1.0,0.0,0.0,0.0,1.0,0.0,0.0,1.0,0.9068413950638654,-0.49640476528021726
847,0,8,2,0.0,1.0,1.0,0.0,0.0,0.0,1.0,0.0,0.0,1.0,-1.3784191335949352,0.7519458402879414
848,0,0,0,0.0,1.0,1.0,0.0,1.0,0.0,0.0,0.0,0.0,1.0,0.39297196577688936,-0.4894421904510968
849,0,0,1,0.0,1.0,1.0,0.0,0.0,0.0,1.0,0.0,1.0,0.0,-0.12089746351008669,0.016023023618325298
850,1,1,0,1.0,0.0,0.0,1.0,1.0,0.0,0.0,1.0,0.0,0.0,1.051074595655529,1.145663540471827
851,0,4,2,0.0,1.0,1.0,0.0,0.0,0.0,1.0,0.0,0.0,1.0,-1.882735506779719,-0.01870931177853076
852,0,0,0,0.0,1.0,1.0,0.0,0.0,0.0,1.0,0.0,0.0,1.0,3.2559587860900416,-0.4918744606632361
853,0,1,1,1.0,0.0,1.0,0.0,1.0,0.0,0.0,0.0,0.0,1.0,-1.5156859144318788,-0.3414522396297103
854,1,0,1,1.0,0.0,0.0,1.0,0.0,0.0,1.0,1.0,0.0,0.0,-1.0018164851449027,0.14488502161245778
855,0,1,0,1.0,0.0,1.0,0.0,0.0,0.0,1.0,0.0,1.0,0.0,1.0536612320030014,-0.12491978668775715
856,1,0,1,1.0,0.0,1.0,0.0,0.0,0.0,1.0,0.0,0.0,1.0,-0.8549966482057668,-0.4601623283443675
857,1,1,1,1.0,0.0,1.0,0.0,0.0,0.0,1.0,1.0,0.0,0.0,1.1270711504725694,2.671117778445337
858,1,0,0,0.0,1.0,0.0,1.0,0.0,0.0,1.0,1.0,0.0,0.0,1.5675306612899775,-0.11384570873513637
859,1,0,3,1.0,0.0,1.0,0.0,1.0,0.0,0.0,0.0,0.0,1.0,-0.41453713738835873,-0.26066180729354516
860,0,0,0,0.0,1.0,1.0,0.0,1.0,0.0,0.0,0.0,0.0,1.0,-0.4970273590419666,-0.5028639729296732
861,0,2,0,0.0,1.0,1.0,0.0,0.0,0.0,1.0,0.0,0.0,1.0,0.8334314765942974,-0.36435544630444866
862,0,1,0,0.0,1.0,1.0,0.0,0.0,0.0,1.0,0.0,1.0,0.0,-0.6347668927970628,-0.41687275089321363
863,1,0,0,1.0,0.0,0.0,1.0,0.0,0.0,1.0,1.0,0.0,0.0,1.3473009058812735,-0.1263453225405672
864,0,8,2,1.0,0.0,1.0,0.0,0.0,0.0,1.0,0.0,0.0,1.0,-1.3784191335949352,0.7519458402879414
865,0,0,0,0.0,1.0,1.0,0.0,0.0,0.0,1.0,0.0,1.0,0.0,-0.41453713738835873,-0.3866707201133388
866,1,0,0,1.0,0.0,1.0,0.0,0.0,0.0,1.0,0.0,1.0,0.0,0.9068413950638654,-0.3866707201133388
867,1,1,0,1.0,0.0,1.0,0.0,1.0,0.0,0.0,0.0,1.0,0.0,-0.1943073819796547,-0.3693891181010945
868,0,0,0,0.0,1.0,0.0,1.0,0.0,0.0,1.0,1.0,0.0,0.0,0.09933229189861734,0.3682954836973478
869,0,0,0,0.0,1.0,1.0,0.0,0.0,0.0,1.0,0.0,0.0,1.0,-0.2693404557028165,-0.45714212526638004
870,1,1,1,0.0,1.0,1.0,0.0,0.0,0.0,1.0,0.0,0.0,1.0,-1.882735506779719,-0.4242561406845337
871,0,0,0,0.0,1.0,1.0,0.0,0.0,0.0,1.0,0.0,0.0,1.0,-0.2677173004492227,-0.4894421904510968
872,1,1,1,1.0,0.0,0.0,1.0,0.0,0.0,1.0,1.0,0.0,0.0,1.2738909874117055,0.40974072380221066
873,0,0,0,0.0,1.0,0.0,1.0,0.0,0.0,1.0,1.0,0.0,0.0,0.24615212883775336,-0.5477482176060045
874,0,0,0,0.0,1.0,1.0,0.0,0.0,0.0,1.0,0.0,0.0,1.0,1.2738909874117055,-0.46720946885967163
875,1,1,0,1.0,0.0,1.0,0.0,1.0,0.0,0.0,0.0,1.0,0.0,-0.12089746351008669,-0.16518916106092355
876,1,0,0,1.0,0.0,1.0,0.0,1.0,0.0,0.0,0.0,0.0,1.0,-1.0752264036144707,-0.5029485386158568
877,0,0,0,0.0,1.0,1.0,0.0,0.0,0.0,1.0,0.0,0.0,1.0,-0.7081768112666308,-0.45017955043725955
878,0,0,0,0.0,1.0,1.0,0.0,0.0,0.0,1.0,0.0,0.0,1.0,-0.7815867297361988,-0.4894421904510968
879,0,0,0,0.0,1.0,1.0,0.0,0.0,0.0,1.0,0.0,0.0,1.0,-0.12477305478502965,-0.4894421904510968
880,1,0,1,1.0,0.0,0.0,1.0,1.0,0.0,0.0,1.0,0.0,0.0,1.9345802536378176,1.0259447039291216
881,1,0,1,1.0,0.0,1.0,0.0,0.0,0.0,1.0,0.0,1.0,0.0,-0.3411272189187907,-0.12491978668775715
882,0,0,0,0.0,1.0,1.0,0.0,0.0,0.0,1.0,0.0,0.0,1.0,0.24615212883775336,-0.4894421904510968
883,0,0,0,1.0,0.0,1.0,0.0,0.0,0.0,1.0,0.0,0.0,1.0,-0.5613569743274948,-0.4366711888037809
884,0,0,0,0.0,1.0,1.0,0.0,0.0,0.0,1.0,0.0,1.0,0.0,-0.12089746351008669,-0.43700743807979686
885,0,0,0,0.0,1.0,1.0,0.0,0.0,0.0,1.0,0.0,0.0,1.0,-0.3411272189187907,-0.5064721088735089
886,0,0,5,1.0,0.0,1.0,0.0,0.0,1.0,0.0,0.0,0.0,1.0,0.6866116396551614,-0.06199888922968463
887,0,0,0,0.0,1.0,1.0,0.0,0.0,0.0,1.0,0.0,1.0,0.0,-0.1943073819796547,-0.3866707201133388
888,1,0,0,1.0,0.0,0.0,1.0,0.0,0.0,1.0,1.0,0.0,0.0,-0.7815867297361988,-0.04438103794142432
889,0,1,2,1.0,0.0,1.0,0.0,0.0,0.0,1.0,0.0,0.0,1.0,-0.9924236715112611,-0.17626323901354432
890,1,0,0,0.0,1.0,0.0,1.0,1.0,0.0,0.0,1.0,0.0,0.0,-0.2677173004492227,-0.04438103794142432
891,0,0,0,0.0,1.0,1.0,0.0,0.0,1.0,0.0,0.0,0.0,1.0,0.17274221036818535,-0.49237782784290063
